user_id,store_name,id,agent_id,icon_url,stage,create_at,update_at
1448,SunnyLoungeBar,333,2010,https://buket_name.s3.ap-northeast-1.amazonaws.com/son.jpg,PROSPECT,2024-06-08T05:55:01.826072,2024-11-11T01:56:18.832791
1366,SunnyLoungeBakery,705,2701,https://buket_name.s3.ap-northeast-1.amazonaws.com/amount.jpg,NEW,2024-05-29T17:54:12.826091,2024-01-31T04:46:11.832827
1973,RusticGardenCafe,145,2148,https://buket_name.s3.ap-northeast-1.amazonaws.com/much.jpeg,EXISTING,2024-06-08T07:47:54.826097,2024-07-18T18:17:12.832854
1284,GoldenPlateGrill,414,2353,https://buket_name.s3.ap-northeast-1.amazonaws.com/interview.jpg,EXISTING,2024-10-19T18:35:25.826102,2024-05-24T17:11:28.832878
1728,RusticHouseBistro,756,2543,https://buket_name.s3.ap-northeast-1.amazonaws.com/me.jpeg,NEW,2024-02-11T13:57:24.826106,2024-05-02T02:18:52.832901
1274,DeliciousPlateCafe,402,2143,https://buket_name.s3.ap-northeast-1.amazonaws.com/past.jpeg,EXISTING,2024-08-20T13:26:57.826111,2024-01-30T18:39:12.832924
1082,GoldenGardenKitchen,128,2119,https://buket_name.s3.ap-northeast-1.amazonaws.com/mother.gif,NEW,2024-11-07T18:56:58.826116,2024-01-07T02:50:59.832948
1228,RusticHouseCafe,484,2385,https://buket_name.s3.ap-northeast-1.amazonaws.com/father.gif,PROSPECT,2024-05-06T03:25:00.826121,2024-03-21T18:59:52.832972
1958,CharmingTableCafe,176,2265,https://buket_name.s3.ap-northeast-1.amazonaws.com/someone.gif,NEW,2024-03-17T08:28:26.826125,2024-07-29T08:38:24.832995
1493,RusticTableBistro,400,2753,https://buket_name.s3.ap-northeast-1.amazonaws.com/present.bmp,PROSPECT,2024-11-16T13:34:55.826130,2024-01-01T00:09:14.833018
1086,SpicyCornerGrill,942,2836,https://buket_name.s3.ap-northeast-1.amazonaws.com/where.jpeg,NEW,2024-04-23T15:34:09.826135,2024-05-27T08:16:22.833041
1964,SunnyGardenBistro,823,2305,https://buket_name.s3.ap-northeast-1.amazonaws.com/season.png,EXISTING,2024-10-15T01:33:57.826139,2024-08-17T12:06:03.833065
1371,CharmingGardenBar,320,2763,https://buket_name.s3.ap-northeast-1.amazonaws.com/week.png,PROSPECT,2024-05-31T13:50:38.826144,2024-11-24T05:40:13.833091
1777,CozyHouseBakery,59,2059,https://buket_name.s3.ap-northeast-1.amazonaws.com/force.gif,PROSPECT,2023-12-30T23:36:18.826148,2024-04-16T05:42:36.833115
1956,DeliciousTableBar,637,2934,https://buket_name.s3.ap-northeast-1.amazonaws.com/show.bmp,EXISTING,2024-01-08T04:36:02.826153,2024-05-03T21:49:58.833140
1179,GoldenSpotBar,822,2032,https://buket_name.s3.ap-northeast-1.amazonaws.com/way.bmp,EXISTING,2024-04-04T00:45:02.826157,2024-03-09T23:59:32.833163
1911,SunnyCornerDiner,601,2525,https://buket_name.s3.ap-northeast-1.amazonaws.com/give.tiff,NEW,2023-12-13T15:04:14.826162,2024-04-19T15:49:04.833195
1761,CharmingTableDiner,433,2154,https://buket_name.s3.ap-northeast-1.amazonaws.com/opportunity.jpg,EXISTING,2024-10-26T17:09:40.826167,2024-03-19T20:46:29.833218
1368,SpicyLoungeCafe,809,2108,https://buket_name.s3.ap-northeast-1.amazonaws.com/health.bmp,PROSPECT,2024-10-14T16:24:16.826171,2024-05-06T06:02:49.833241
1849,SpicyLoungeBistro,8,2752,https://buket_name.s3.ap-northeast-1.amazonaws.com/four.jpg,EXISTING,2024-01-09T20:21:28.826176,2024-10-13T11:44:02.833264
1604,GoldenHutCafe,350,2661,https://buket_name.s3.ap-northeast-1.amazonaws.com/push.png,NEW,2024-09-07T13:27:10.826181,2023-12-13T14:36:36.833286
1358,GoldenGardenBakery,597,2197,https://buket_name.s3.ap-northeast-1.amazonaws.com/old.gif,NEW,2024-07-19T11:20:13.826185,2024-02-16T16:23:29.833307
1103,SpicyCornerGrill,643,2101,https://buket_name.s3.ap-northeast-1.amazonaws.com/level.jpg,PROSPECT,2024-04-10T16:00:40.826189,2024-01-19T06:20:57.833331
1071,RusticPlateEatery,731,2464,https://buket_name.s3.ap-northeast-1.amazonaws.com/ever.png,EXISTING,2024-08-22T23:23:14.826194,2024-04-13T13:37:22.833355
1881,GoldenHutKitchen,639,2271,https://buket_name.s3.ap-northeast-1.amazonaws.com/support.bmp,NEW,2024-03-31T01:03:38.826202,2024-09-09T15:47:34.833379
1652,DeliciousCornerBakery,233,2878,https://buket_name.s3.ap-northeast-1.amazonaws.com/whole.png,PROSPECT,2024-05-14T12:33:03.826207,2023-12-29T04:41:19.833403
1103,CozyTableGrill,992,2795,https://buket_name.s3.ap-northeast-1.amazonaws.com/better.bmp,PROSPECT,2024-01-10T06:16:02.826211,2024-04-22T06:29:19.833425
1713,SunnyTableEatery,657,2914,https://buket_name.s3.ap-northeast-1.amazonaws.com/though.tiff,NEW,2024-05-31T04:33:07.826216,2024-02-20T11:31:08.833455
1285,SunnyLoungeBar,769,2079,https://buket_name.s3.ap-northeast-1.amazonaws.com/see.jpg,PROSPECT,2024-09-18T19:23:00.826221,2024-06-30T08:17:23.833479
1370,CharmingGardenCafe,192,2231,https://buket_name.s3.ap-northeast-1.amazonaws.com/process.tiff,PROSPECT,2024-04-15T10:53:12.826225,2024-06-18T10:25:54.833502
1889,SpicyTableBar,236,2797,https://buket_name.s3.ap-northeast-1.amazonaws.com/population.bmp,NEW,2024-02-24T04:27:29.826230,2024-07-04T07:20:13.833527
1160,DeliciousHutKitchen,854,2442,https://buket_name.s3.ap-northeast-1.amazonaws.com/their.jpg,PROSPECT,2024-05-15T06:54:23.826235,2024-09-08T16:31:06.833550
1395,CozySpotBakery,52,2324,https://buket_name.s3.ap-northeast-1.amazonaws.com/either.jpeg,PROSPECT,2024-08-18T13:18:01.826239,2024-01-24T05:25:16.833573
1431,SpicySpotCafe,895,2178,https://buket_name.s3.ap-northeast-1.amazonaws.com/gas.tiff,EXISTING,2024-02-09T20:03:40.826244,2024-09-28T10:51:15.833595
1823,CharmingPlateBistro,797,2490,https://buket_name.s3.ap-northeast-1.amazonaws.com/truth.tiff,NEW,2024-09-02T02:20:20.826248,2024-09-09T01:24:20.833618
1909,RusticPlateBar,267,2636,https://buket_name.s3.ap-northeast-1.amazonaws.com/cut.bmp,NEW,2024-03-27T02:50:29.826252,2024-08-24T12:32:29.833640
1486,CozyGardenBar,370,2793,https://buket_name.s3.ap-northeast-1.amazonaws.com/doctor.png,PROSPECT,2024-09-09T19:39:43.826257,2024-07-27T18:02:24.833662
1590,DeliciousTableKitchen,884,2062,https://buket_name.s3.ap-northeast-1.amazonaws.com/suggest.gif,EXISTING,2024-04-03T13:03:12.826261,2024-10-31T04:26:56.833684
1581,CozyCornerDiner,555,2616,https://buket_name.s3.ap-northeast-1.amazonaws.com/suggest.gif,PROSPECT,2024-07-12T11:13:33.826266,2024-11-12T03:05:12.833707
1653,CozyPlateCafe,757,2674,https://buket_name.s3.ap-northeast-1.amazonaws.com/line.png,PROSPECT,2024-10-08T01:50:11.826270,2024-03-28T13:25:14.833730
1214,SpicyCornerBakery,823,2328,https://buket_name.s3.ap-northeast-1.amazonaws.com/be.bmp,NEW,2024-06-10T05:45:04.826275,2024-05-01T05:20:16.833752
1834,SunnyHutDiner,241,2158,https://buket_name.s3.ap-northeast-1.amazonaws.com/type.jpeg,PROSPECT,2024-03-28T03:21:41.826279,2024-04-21T18:34:32.833774
1231,SunnyLoungeEatery,950,2672,https://buket_name.s3.ap-northeast-1.amazonaws.com/worker.png,PROSPECT,2024-02-02T14:57:03.826284,2024-04-26T00:16:53.833798
1172,SpicyLoungeDiner,367,2030,https://buket_name.s3.ap-northeast-1.amazonaws.com/boy.jpg,PROSPECT,2024-10-05T22:43:18.826288,2024-06-30T08:28:29.833821
1851,CozyCornerBakery,923,2184,https://buket_name.s3.ap-northeast-1.amazonaws.com/ok.jpeg,EXISTING,2024-11-13T05:33:16.826293,2024-06-22T03:57:33.833844
1207,SunnyPlateCafe,860,2546,https://buket_name.s3.ap-northeast-1.amazonaws.com/seat.jpeg,PROSPECT,2024-07-12T08:05:04.826297,2024-09-19T03:56:07.833867
1439,CozyGardenBar,617,2249,https://buket_name.s3.ap-northeast-1.amazonaws.com/officer.bmp,NEW,2024-04-20T23:44:56.826302,2024-06-22T10:27:50.833889
1527,DeliciousTableBistro,228,2349,https://buket_name.s3.ap-northeast-1.amazonaws.com/teacher.jpeg,PROSPECT,2024-04-26T21:23:43.826306,2024-03-27T18:28:02.833912
1966,SpicyHouseCafe,920,2871,https://buket_name.s3.ap-northeast-1.amazonaws.com/Democrat.png,EXISTING,2023-12-22T11:05:46.826311,2024-09-07T16:21:18.833935
1103,RusticGardenKitchen,905,2709,https://buket_name.s3.ap-northeast-1.amazonaws.com/officer.png,PROSPECT,2024-07-09T06:55:54.826315,2024-03-21T02:50:14.833959
1091,CozyHouseDiner,584,2571,https://buket_name.s3.ap-northeast-1.amazonaws.com/field.png,NEW,2024-01-18T22:41:21.826320,2024-03-01T02:16:20.833983
1292,DeliciousHouseBakery,645,2375,https://buket_name.s3.ap-northeast-1.amazonaws.com/benefit.jpg,PROSPECT,2024-04-24T11:28:48.826324,2023-12-21T01:42:05.834006
1744,GoldenTableBar,363,2203,https://buket_name.s3.ap-northeast-1.amazonaws.com/success.png,NEW,2024-05-25T20:43:52.826329,2024-08-14T02:29:06.834030
1593,DeliciousTableBakery,779,2537,https://buket_name.s3.ap-northeast-1.amazonaws.com/free.jpg,PROSPECT,2024-03-29T18:04:13.826333,2024-11-18T18:38:13.834062
1756,RusticSpotDiner,616,2533,https://buket_name.s3.ap-northeast-1.amazonaws.com/effort.png,PROSPECT,2024-05-02T01:26:12.826338,2024-10-13T05:09:50.834085
1323,GoldenHouseBakery,689,2415,https://buket_name.s3.ap-northeast-1.amazonaws.com/create.jpeg,PROSPECT,2024-07-14T15:21:38.826343,2024-06-17T19:15:45.834109
1933,SpicySpotBistro,749,2556,https://buket_name.s3.ap-northeast-1.amazonaws.com/term.gif,PROSPECT,2024-07-19T07:21:30.826348,2024-02-03T21:44:59.834133
1047,SpicyHouseDiner,76,2506,https://buket_name.s3.ap-northeast-1.amazonaws.com/alone.gif,NEW,2024-05-07T16:39:19.826352,2023-12-04T17:19:42.834157
1372,SunnyHutBar,500,2774,https://buket_name.s3.ap-northeast-1.amazonaws.com/realize.png,EXISTING,2024-07-02T20:07:44.826357,2024-05-17T02:26:32.834180
1411,SunnyCornerDiner,2,2327,https://buket_name.s3.ap-northeast-1.amazonaws.com/maybe.jpeg,PROSPECT,2024-03-18T12:51:53.826361,2024-09-23T11:30:11.834203
1840,CozySpotCafe,456,2175,https://buket_name.s3.ap-northeast-1.amazonaws.com/behind.bmp,EXISTING,2024-10-11T22:57:05.826366,2024-08-19T06:46:19.834226
1412,SunnyTableEatery,632,2163,https://buket_name.s3.ap-northeast-1.amazonaws.com/sometimes.tiff,NEW,2024-01-02T08:03:03.826370,2024-08-05T19:07:34.834250
1484,DeliciousHouseCafe,18,2254,https://buket_name.s3.ap-northeast-1.amazonaws.com/under.gif,NEW,2024-02-25T14:19:40.826375,2024-05-08T05:29:16.834272
1475,DeliciousHouseGrill,164,2159,https://buket_name.s3.ap-northeast-1.amazonaws.com/wind.gif,EXISTING,2024-01-14T00:47:36.826379,2024-09-18T08:17:29.834296
1920,RusticHouseGrill,567,2111,https://buket_name.s3.ap-northeast-1.amazonaws.com/thousand.bmp,NEW,2024-07-09T15:28:25.826384,2023-12-13T12:09:24.834318
1277,DeliciousCornerGrill,812,2765,https://buket_name.s3.ap-northeast-1.amazonaws.com/water.bmp,EXISTING,2024-08-28T19:13:05.826388,2024-02-06T15:09:42.834341
1718,SpicyTableBistro,647,2802,https://buket_name.s3.ap-northeast-1.amazonaws.com/wind.tiff,EXISTING,2024-05-12T05:55:06.826393,2024-11-08T14:55:27.834364
1746,CharmingPlateBar,145,2775,https://buket_name.s3.ap-northeast-1.amazonaws.com/result.png,NEW,2024-09-21T04:43:40.826398,2024-10-27T08:43:26.834388
1653,GoldenCornerDiner,500,2753,https://buket_name.s3.ap-northeast-1.amazonaws.com/third.jpg,PROSPECT,2024-08-23T16:07:13.826402,2024-11-20T10:28:11.834411
1928,CozyTableDiner,207,2634,https://buket_name.s3.ap-northeast-1.amazonaws.com/network.tiff,PROSPECT,2024-02-04T18:20:36.826406,2024-06-12T06:56:36.834433
1049,CozyPlateKitchen,405,2278,https://buket_name.s3.ap-northeast-1.amazonaws.com/nearly.jpeg,EXISTING,2024-03-09T13:20:39.826411,2024-10-18T22:37:36.834455
1692,CozyHutCafe,554,2750,https://buket_name.s3.ap-northeast-1.amazonaws.com/time.gif,NEW,2024-05-22T02:18:06.826416,2024-02-24T04:12:12.834479
1277,GoldenLoungeBistro,777,2641,https://buket_name.s3.ap-northeast-1.amazonaws.com/want.gif,PROSPECT,2024-05-18T07:46:33.826420,2024-07-02T21:29:23.834503
1291,CozyTableDiner,444,2590,https://buket_name.s3.ap-northeast-1.amazonaws.com/perform.tiff,PROSPECT,2024-09-05T07:54:50.826425,2024-01-04T11:12:00.834525
1875,CozyGardenCafe,589,2748,https://buket_name.s3.ap-northeast-1.amazonaws.com/particularly.jpg,NEW,2024-03-14T14:57:13.826429,2024-03-15T22:22:59.834550
1828,CozyLoungeBakery,283,2011,https://buket_name.s3.ap-northeast-1.amazonaws.com/little.jpeg,NEW,2024-09-06T01:16:45.826434,2024-03-03T09:38:28.834575
1690,SpicyHutGrill,571,2551,https://buket_name.s3.ap-northeast-1.amazonaws.com/recent.jpg,NEW,2024-05-16T19:06:21.826438,2024-03-07T03:17:26.834601
1325,CozyLoungeBakery,261,2435,https://buket_name.s3.ap-northeast-1.amazonaws.com/school.tiff,NEW,2024-02-03T07:39:45.826444,2024-05-22T08:54:30.834624
1933,SunnyGardenBakery,548,2063,https://buket_name.s3.ap-northeast-1.amazonaws.com/beautiful.jpeg,PROSPECT,2024-05-22T06:21:27.826449,2023-12-15T07:59:48.834647
1399,SpicyCornerBistro,372,2703,https://buket_name.s3.ap-northeast-1.amazonaws.com/position.jpeg,EXISTING,2024-09-07T17:16:24.826453,2024-01-26T12:36:58.834678
1558,SpicyHutBistro,993,2245,https://buket_name.s3.ap-northeast-1.amazonaws.com/message.bmp,NEW,2024-03-17T06:55:56.826458,2024-06-06T21:47:40.834700
1896,CozyTableGrill,229,2090,https://buket_name.s3.ap-northeast-1.amazonaws.com/professor.png,PROSPECT,2024-10-09T09:28:37.826462,2024-01-08T11:03:05.834725
1683,SpicySpotEatery,380,2194,https://buket_name.s3.ap-northeast-1.amazonaws.com/through.jpeg,PROSPECT,2024-11-04T12:16:49.826469,2024-06-27T07:24:57.834748
1010,SunnyGardenDiner,123,2873,https://buket_name.s3.ap-northeast-1.amazonaws.com/eight.gif,EXISTING,2024-02-09T17:20:33.826474,2024-10-20T21:56:20.834772
1546,GoldenTableDiner,767,2983,https://buket_name.s3.ap-northeast-1.amazonaws.com/sign.bmp,EXISTING,2024-10-15T23:58:21.826478,2024-07-20T20:32:59.834796
1747,CharmingSpotGrill,969,2869,https://buket_name.s3.ap-northeast-1.amazonaws.com/but.jpeg,PROSPECT,2024-05-20T16:32:17.826483,2024-07-12T12:45:33.834819
1127,SunnyHutGrill,787,2011,https://buket_name.s3.ap-northeast-1.amazonaws.com/discussion.tiff,EXISTING,2024-09-08T09:20:27.826487,2024-06-18T10:18:39.834842
1274,DeliciousHutCafe,310,2446,https://buket_name.s3.ap-northeast-1.amazonaws.com/study.jpeg,NEW,2024-07-27T05:53:04.826492,2024-08-11T00:44:31.834866
1237,CharmingCornerDiner,529,2627,https://buket_name.s3.ap-northeast-1.amazonaws.com/go.gif,NEW,2024-10-06T03:00:00.826496,2024-07-07T16:40:02.834888
1664,CozyLoungeEatery,419,2895,https://buket_name.s3.ap-northeast-1.amazonaws.com/team.jpg,PROSPECT,2024-04-06T21:35:29.826501,2024-06-02T23:27:39.834912
1635,RusticHutCafe,767,2033,https://buket_name.s3.ap-northeast-1.amazonaws.com/blood.bmp,EXISTING,2024-02-03T22:16:14.826506,2024-01-04T07:15:32.834934
1073,SunnyCornerDiner,283,2972,https://buket_name.s3.ap-northeast-1.amazonaws.com/top.gif,EXISTING,2024-01-23T14:37:44.826510,2024-09-21T14:25:35.834958
1281,CozyPlateKitchen,312,2792,https://buket_name.s3.ap-northeast-1.amazonaws.com/discuss.tiff,EXISTING,2024-05-04T10:29:17.826514,2024-05-25T04:15:09.834981
1501,SunnyCornerBar,692,2908,https://buket_name.s3.ap-northeast-1.amazonaws.com/technology.bmp,NEW,2024-06-22T17:16:59.826519,2024-04-10T23:59:25.835003
1951,CharmingHutBistro,180,2500,https://buket_name.s3.ap-northeast-1.amazonaws.com/protect.png,NEW,2024-11-13T01:39:08.826523,2024-06-22T12:46:46.835027
1322,GoldenHouseBistro,248,2097,https://buket_name.s3.ap-northeast-1.amazonaws.com/play.png,PROSPECT,2024-07-14T17:00:20.826528,2024-04-04T20:30:14.835051
1175,GoldenLoungeKitchen,293,2466,https://buket_name.s3.ap-northeast-1.amazonaws.com/back.tiff,PROSPECT,2024-03-07T11:06:34.826532,2024-05-26T08:19:50.835074
1475,CharmingSpotBar,418,2834,https://buket_name.s3.ap-northeast-1.amazonaws.com/capital.bmp,NEW,2024-09-11T10:27:25.826537,2024-06-08T16:12:54.835097
1340,CozyTableBakery,850,2353,https://buket_name.s3.ap-northeast-1.amazonaws.com/current.tiff,EXISTING,2024-01-28T13:30:55.826542,2024-01-23T13:58:03.835121
1686,DeliciousGardenDiner,77,2495,https://buket_name.s3.ap-northeast-1.amazonaws.com/then.png,EXISTING,2024-05-15T03:50:15.826546,2024-08-30T01:51:56.835147
1080,DeliciousHutDiner,457,2481,https://buket_name.s3.ap-northeast-1.amazonaws.com/call.png,PROSPECT,2024-07-25T07:12:35.826551,2024-02-21T02:55:17.835171
1397,CharmingSpotBakery,167,2733,https://buket_name.s3.ap-northeast-1.amazonaws.com/benefit.jpg,NEW,2023-12-29T20:49:56.826555,2024-07-30T14:45:04.835195
1458,DeliciousLoungeEatery,146,2163,https://buket_name.s3.ap-northeast-1.amazonaws.com/these.jpeg,PROSPECT,2024-04-15T06:44:26.826560,2024-08-08T00:04:55.835219
1509,GoldenGardenDiner,153,2542,https://buket_name.s3.ap-northeast-1.amazonaws.com/although.bmp,NEW,2023-12-23T06:32:49.826564,2024-07-09T11:02:20.835243
1093,SpicyPlateEatery,56,2353,https://buket_name.s3.ap-northeast-1.amazonaws.com/age.png,PROSPECT,2024-01-05T08:56:52.826568,2023-12-29T17:43:02.835266
1792,RusticPlateCafe,602,2152,https://buket_name.s3.ap-northeast-1.amazonaws.com/crime.gif,EXISTING,2024-01-03T08:05:28.826573,2024-07-02T09:08:21.835290
1221,DeliciousCornerBakery,835,2043,https://buket_name.s3.ap-northeast-1.amazonaws.com/candidate.tiff,PROSPECT,2024-06-30T21:19:59.826577,2024-04-02T05:34:32.835312
1864,DeliciousGardenKitchen,252,2886,https://buket_name.s3.ap-northeast-1.amazonaws.com/develop.jpg,NEW,2023-12-16T03:44:30.826582,2024-03-13T11:00:22.835335
1210,SunnyTableEatery,839,2243,https://buket_name.s3.ap-northeast-1.amazonaws.com/such.tiff,EXISTING,2024-11-03T02:37:59.826586,2024-03-18T16:41:07.835357
1934,RusticHutBistro,652,2627,https://buket_name.s3.ap-northeast-1.amazonaws.com/write.bmp,EXISTING,2023-12-12T01:36:35.826592,2024-03-26T19:09:01.835381
1637,RusticGardenCafe,93,2914,https://buket_name.s3.ap-northeast-1.amazonaws.com/agency.tiff,EXISTING,2024-03-10T21:40:16.826596,2024-09-25T20:04:33.835404
1884,CozyPlateCafe,536,2027,https://buket_name.s3.ap-northeast-1.amazonaws.com/large.png,NEW,2024-03-13T12:42:04.826600,2024-03-09T07:17:57.835428
2000,RusticLoungeEatery,372,2824,https://buket_name.s3.ap-northeast-1.amazonaws.com/blood.png,NEW,2023-12-18T11:05:19.826605,2024-05-29T10:55:16.835450
1259,DeliciousGardenBistro,894,2721,https://buket_name.s3.ap-northeast-1.amazonaws.com/available.jpeg,EXISTING,2024-03-11T02:01:27.826609,2024-09-24T01:58:06.835474
1559,CozyGardenBistro,417,2854,https://buket_name.s3.ap-northeast-1.amazonaws.com/away.gif,EXISTING,2024-05-12T01:43:10.826614,2024-05-02T15:13:16.835496
1160,CozyHutBistro,16,2511,https://buket_name.s3.ap-northeast-1.amazonaws.com/fish.tiff,PROSPECT,2024-09-25T23:49:04.826618,2024-05-25T18:19:14.835520
1385,CharmingSpotKitchen,631,2872,https://buket_name.s3.ap-northeast-1.amazonaws.com/least.jpeg,NEW,2024-10-21T03:50:57.826623,2024-06-15T22:22:40.835546
1556,RusticCornerBar,554,2922,https://buket_name.s3.ap-northeast-1.amazonaws.com/ask.gif,NEW,2024-09-25T19:37:53.826627,2024-07-03T19:02:34.835567
1341,SunnyGardenGrill,534,2316,https://buket_name.s3.ap-northeast-1.amazonaws.com/manage.png,PROSPECT,2024-08-19T09:08:37.826631,2024-07-01T21:02:28.835591
1435,CozyTableKitchen,793,2900,https://buket_name.s3.ap-northeast-1.amazonaws.com/pick.bmp,EXISTING,2024-06-28T09:35:34.826636,2024-05-12T12:39:56.835614
1751,GoldenSpotEatery,147,2534,https://buket_name.s3.ap-northeast-1.amazonaws.com/scene.bmp,EXISTING,2024-08-25T23:02:08.826640,2024-10-29T19:51:44.835636
1783,RusticGardenBistro,834,2649,https://buket_name.s3.ap-northeast-1.amazonaws.com/decision.jpg,NEW,2024-04-23T19:25:19.826645,2024-04-08T06:39:19.835660
1082,GoldenTableBar,17,2278,https://buket_name.s3.ap-northeast-1.amazonaws.com/her.jpeg,NEW,2024-01-25T06:59:49.826649,2023-12-06T02:28:43.835682
1837,DeliciousCornerKitchen,94,2552,https://buket_name.s3.ap-northeast-1.amazonaws.com/many.tiff,EXISTING,2024-08-11T01:36:20.826653,2024-08-14T09:22:21.835705
1209,GoldenGardenBar,334,2702,https://buket_name.s3.ap-northeast-1.amazonaws.com/condition.png,EXISTING,2024-02-17T05:11:07.826658,2024-10-23T13:39:28.835729
1760,CharmingHutBakery,37,2208,https://buket_name.s3.ap-northeast-1.amazonaws.com/remember.tiff,NEW,2024-11-12T21:24:15.826662,2024-09-29T13:02:53.835752
1696,RusticTableBar,166,2879,https://buket_name.s3.ap-northeast-1.amazonaws.com/speak.gif,EXISTING,2024-11-13T19:55:43.826667,2024-02-16T20:30:54.835776
1501,CozyHutBar,182,2161,https://buket_name.s3.ap-northeast-1.amazonaws.com/story.bmp,NEW,2023-12-12T19:37:01.826671,2024-02-19T21:38:22.835798
1591,DeliciousCornerCafe,188,2524,https://buket_name.s3.ap-northeast-1.amazonaws.com/cold.tiff,PROSPECT,2024-03-27T17:17:44.826676,2024-03-19T05:21:07.835821
1705,SunnyPlateCafe,783,2575,https://buket_name.s3.ap-northeast-1.amazonaws.com/guess.gif,PROSPECT,2024-08-12T22:43:23.826681,2024-06-29T23:25:58.835845
1249,RusticPlateEatery,44,2955,https://buket_name.s3.ap-northeast-1.amazonaws.com/enough.png,NEW,2024-04-09T08:50:09.826686,2024-02-05T02:34:45.835868
1192,SunnyGardenBar,77,2986,https://buket_name.s3.ap-northeast-1.amazonaws.com/picture.bmp,PROSPECT,2024-09-16T08:44:12.826690,2023-11-30T21:56:12.835903
1309,RusticHutGrill,241,2474,https://buket_name.s3.ap-northeast-1.amazonaws.com/reduce.jpg,NEW,2024-02-10T09:32:05.826695,2024-09-27T00:58:26.835928
1888,DeliciousHouseBar,77,2825,https://buket_name.s3.ap-northeast-1.amazonaws.com/add.gif,PROSPECT,2023-11-30T00:16:08.826700,2024-07-06T21:52:43.835951
1309,GoldenHouseBar,909,2800,https://buket_name.s3.ap-northeast-1.amazonaws.com/responsibility.jpg,PROSPECT,2024-03-01T00:05:31.826704,2023-12-11T22:14:19.835975
1842,CharmingCornerCafe,357,2152,https://buket_name.s3.ap-northeast-1.amazonaws.com/we.jpg,EXISTING,2024-09-08T01:15:57.826709,2024-06-11T16:52:17.835997
1629,SunnyGardenEatery,807,2936,https://buket_name.s3.ap-northeast-1.amazonaws.com/two.png,EXISTING,2024-05-06T13:58:13.826713,2023-12-28T09:10:49.836020
1017,GoldenCornerDiner,159,2138,https://buket_name.s3.ap-northeast-1.amazonaws.com/whose.png,EXISTING,2023-12-11T21:54:27.826717,2024-09-02T12:44:51.836044
1221,SpicyPlateKitchen,845,2965,https://buket_name.s3.ap-northeast-1.amazonaws.com/range.jpeg,EXISTING,2024-05-17T12:48:26.826722,2024-05-05T01:12:47.836067
1331,SunnyGardenGrill,400,2966,https://buket_name.s3.ap-northeast-1.amazonaws.com/important.jpeg,PROSPECT,2024-09-12T22:37:03.826735,2024-05-19T18:52:58.836089
1674,DeliciousTableGrill,862,2696,https://buket_name.s3.ap-northeast-1.amazonaws.com/enough.tiff,EXISTING,2024-09-03T02:04:32.826740,2024-02-01T06:14:02.836112
1799,GoldenPlateEatery,752,2930,https://buket_name.s3.ap-northeast-1.amazonaws.com/option.gif,NEW,2024-10-24T02:27:17.826744,2024-02-28T05:18:35.836135
1005,GoldenLoungeBar,683,2860,https://buket_name.s3.ap-northeast-1.amazonaws.com/actually.tiff,NEW,2024-10-07T02:34:40.826748,2024-08-19T10:53:34.836157
1499,SunnyPlateDiner,337,2025,https://buket_name.s3.ap-northeast-1.amazonaws.com/site.jpg,PROSPECT,2024-11-02T13:22:55.826753,2024-01-16T14:12:10.836179
1877,GoldenGardenBakery,687,2306,https://buket_name.s3.ap-northeast-1.amazonaws.com/government.bmp,EXISTING,2024-08-21T19:29:42.826757,2024-03-31T06:03:42.836204
1892,SunnyPlateGrill,86,2766,https://buket_name.s3.ap-northeast-1.amazonaws.com/answer.tiff,PROSPECT,2024-10-14T11:42:22.826762,2024-01-15T19:58:00.836228
1788,DeliciousLoungeEatery,833,2498,https://buket_name.s3.ap-northeast-1.amazonaws.com/fast.png,PROSPECT,2024-06-09T22:48:02.826767,2024-08-28T15:56:43.836251
1822,CozySpotBakery,104,2404,https://buket_name.s3.ap-northeast-1.amazonaws.com/education.gif,NEW,2024-01-11T17:28:17.826771,2024-06-14T03:04:45.836275
1024,RusticHutCafe,347,2274,https://buket_name.s3.ap-northeast-1.amazonaws.com/he.jpg,EXISTING,2024-09-20T15:41:47.826776,2024-11-23T22:18:14.836298
1394,SpicyGardenBakery,478,2382,https://buket_name.s3.ap-northeast-1.amazonaws.com/field.png,PROSPECT,2024-02-05T08:19:33.826780,2024-02-26T23:45:23.836323
1356,CharmingHutKitchen,319,2078,https://buket_name.s3.ap-northeast-1.amazonaws.com/her.tiff,PROSPECT,2024-11-15T13:04:08.826785,2023-12-03T11:55:31.836347
1363,CozyPlateKitchen,567,2801,https://buket_name.s3.ap-northeast-1.amazonaws.com/your.png,EXISTING,2024-02-09T04:07:26.826789,2023-11-30T23:37:52.836369
1414,DeliciousHutGrill,282,2477,https://buket_name.s3.ap-northeast-1.amazonaws.com/too.tiff,NEW,2024-06-17T10:32:30.826794,2023-12-12T15:35:54.836392
1914,DeliciousSpotBistro,554,2892,https://buket_name.s3.ap-northeast-1.amazonaws.com/cause.png,NEW,2024-05-17T11:04:54.826799,2024-07-01T20:38:46.836414
1286,GoldenHouseBakery,881,2568,https://buket_name.s3.ap-northeast-1.amazonaws.com/force.tiff,EXISTING,2024-10-29T23:03:57.826804,2024-06-22T11:47:23.836436
1760,DeliciousSpotKitchen,97,2529,https://buket_name.s3.ap-northeast-1.amazonaws.com/smile.jpg,EXISTING,2024-02-20T14:30:57.826808,2024-07-07T06:15:27.836458
1176,RusticHouseGrill,152,2426,https://buket_name.s3.ap-northeast-1.amazonaws.com/them.jpg,NEW,2024-04-07T11:17:13.826813,2024-06-08T06:47:04.836481
1028,CharmingHutEatery,862,2328,https://buket_name.s3.ap-northeast-1.amazonaws.com/be.tiff,PROSPECT,2024-11-04T14:49:52.826817,2024-03-23T05:30:20.836504
1009,SunnyPlateCafe,954,2967,https://buket_name.s3.ap-northeast-1.amazonaws.com/phone.bmp,NEW,2024-08-24T05:53:23.826821,2024-06-27T13:38:01.836526
1780,CozyCornerBakery,329,2895,https://buket_name.s3.ap-northeast-1.amazonaws.com/say.gif,NEW,2023-12-10T23:11:18.826826,2024-10-05T10:39:56.836550
1903,CozyHouseDiner,578,2973,https://buket_name.s3.ap-northeast-1.amazonaws.com/collection.jpeg,NEW,2024-08-10T18:17:51.826831,2023-12-06T04:37:57.836571
1687,CharmingLoungeEatery,233,2236,https://buket_name.s3.ap-northeast-1.amazonaws.com/dog.gif,PROSPECT,2024-01-24T09:59:20.826835,2023-11-30T23:32:27.836595
1522,CozyTableBakery,238,2687,https://buket_name.s3.ap-northeast-1.amazonaws.com/line.tiff,PROSPECT,2024-01-07T14:39:49.826839,2024-05-08T17:53:09.836619
1003,SpicyTableCafe,813,2275,https://buket_name.s3.ap-northeast-1.amazonaws.com/see.jpg,NEW,2024-06-12T16:05:57.826844,2024-10-28T16:02:45.836642
1737,CharmingSpotBistro,600,2016,https://buket_name.s3.ap-northeast-1.amazonaws.com/out.tiff,EXISTING,2024-02-03T07:20:26.826849,2024-02-04T00:53:43.836664
1020,CozyPlateKitchen,702,2556,https://buket_name.s3.ap-northeast-1.amazonaws.com/almost.jpg,NEW,2024-09-16T12:59:18.826853,2024-05-06T07:26:51.836686
1707,SunnyHutDiner,897,2588,https://buket_name.s3.ap-northeast-1.amazonaws.com/try.jpg,NEW,2024-06-09T14:17:34.826857,2024-09-13T15:07:08.836709
1205,SpicyHouseCafe,240,2935,https://buket_name.s3.ap-northeast-1.amazonaws.com/out.tiff,NEW,2023-12-12T02:42:49.826862,2024-10-22T00:20:05.836732
1669,RusticHutCafe,582,2646,https://buket_name.s3.ap-northeast-1.amazonaws.com/sport.jpg,EXISTING,2024-11-24T20:50:35.826866,2023-12-18T03:12:27.836757
1946,SpicyPlateDiner,321,2279,https://buket_name.s3.ap-northeast-1.amazonaws.com/security.tiff,NEW,2024-01-24T12:52:59.826871,2024-08-31T23:10:38.836781
1019,GoldenCornerKitchen,786,2445,https://buket_name.s3.ap-northeast-1.amazonaws.com/company.bmp,NEW,2024-11-13T17:59:00.826876,2024-06-26T12:06:01.836808
1447,DeliciousGardenBar,690,2630,https://buket_name.s3.ap-northeast-1.amazonaws.com/attack.jpg,NEW,2024-06-10T03:52:26.826880,2024-11-16T20:04:41.836832
1703,CozyTableBistro,388,2843,https://buket_name.s3.ap-northeast-1.amazonaws.com/science.jpeg,PROSPECT,2024-11-19T13:10:38.826885,2024-01-07T21:25:16.836857
1860,GoldenGardenBistro,670,2110,https://buket_name.s3.ap-northeast-1.amazonaws.com/likely.gif,NEW,2024-02-22T06:38:15.826889,2024-09-16T23:21:11.836880
1098,CozySpotEatery,955,2884,https://buket_name.s3.ap-northeast-1.amazonaws.com/value.png,NEW,2023-12-19T20:04:41.826894,2024-11-10T11:19:35.836903
1700,GoldenHouseBistro,4,2357,https://buket_name.s3.ap-northeast-1.amazonaws.com/whatever.jpg,NEW,2024-08-17T04:38:25.826899,2024-09-28T23:36:21.836926
1115,RusticLoungeBar,98,2813,https://buket_name.s3.ap-northeast-1.amazonaws.com/PM.png,EXISTING,2024-10-20T12:00:14.826903,2024-05-26T04:49:34.836949
1187,SpicyCornerDiner,300,2285,https://buket_name.s3.ap-northeast-1.amazonaws.com/usually.bmp,PROSPECT,2024-10-25T19:33:21.826908,2024-11-06T17:18:29.836973
1764,RusticHouseGrill,45,2454,https://buket_name.s3.ap-northeast-1.amazonaws.com/miss.bmp,PROSPECT,2024-01-12T05:11:06.826912,2024-02-24T09:44:00.836995
1042,CozyTableKitchen,410,2561,https://buket_name.s3.ap-northeast-1.amazonaws.com/forget.jpeg,NEW,2024-09-09T12:28:16.826917,2024-07-21T01:43:57.837017
1682,SunnyCornerCafe,805,2190,https://buket_name.s3.ap-northeast-1.amazonaws.com/apply.jpg,NEW,2024-01-04T16:54:51.826921,2024-06-21T17:41:42.837040
1720,GoldenLoungeBakery,583,2752,https://buket_name.s3.ap-northeast-1.amazonaws.com/cup.jpg,PROSPECT,2024-05-25T06:36:52.826926,2023-12-22T06:05:55.837063
1035,DeliciousTableKitchen,656,2895,https://buket_name.s3.ap-northeast-1.amazonaws.com/property.png,PROSPECT,2024-10-05T04:57:01.826930,2024-11-02T04:30:10.837086
1679,SpicySpotBar,178,2945,https://buket_name.s3.ap-northeast-1.amazonaws.com/third.bmp,PROSPECT,2024-10-23T15:25:34.826935,2024-10-15T11:39:15.837108
1070,DeliciousPlateKitchen,85,2409,https://buket_name.s3.ap-northeast-1.amazonaws.com/case.tiff,PROSPECT,2023-12-27T01:01:06.826939,2023-12-13T14:53:14.837130
1907,GoldenLoungeBar,204,2624,https://buket_name.s3.ap-northeast-1.amazonaws.com/interest.bmp,PROSPECT,2024-09-07T17:01:32.826953,2024-04-04T11:14:29.837153
1240,DeliciousGardenEatery,431,2563,https://buket_name.s3.ap-northeast-1.amazonaws.com/key.tiff,NEW,2024-08-24T16:00:18.826958,2023-12-19T08:26:01.837176
1211,GoldenHutBakery,694,2329,https://buket_name.s3.ap-northeast-1.amazonaws.com/about.jpeg,PROSPECT,2024-04-25T15:55:46.826963,2024-01-31T13:44:14.837200
1933,RusticCornerEatery,745,2126,https://buket_name.s3.ap-northeast-1.amazonaws.com/address.gif,NEW,2024-06-06T16:18:08.826967,2024-07-04T23:34:49.837223
1514,GoldenHouseBistro,87,2812,https://buket_name.s3.ap-northeast-1.amazonaws.com/somebody.tiff,NEW,2024-02-22T17:31:49.826972,2024-04-14T22:05:17.837247
1981,CharmingSpotBakery,511,2172,https://buket_name.s3.ap-northeast-1.amazonaws.com/test.bmp,EXISTING,2023-12-02T01:09:38.826976,2024-01-26T02:21:49.837269
1556,DeliciousCornerBakery,162,2741,https://buket_name.s3.ap-northeast-1.amazonaws.com/newspaper.tiff,PROSPECT,2023-12-25T04:50:30.826981,2024-05-22T22:38:02.837292
1478,RusticHouseCafe,88,2958,https://buket_name.s3.ap-northeast-1.amazonaws.com/billion.png,EXISTING,2024-11-15T07:53:59.826986,2024-03-16T18:34:42.837314
1712,GoldenCornerKitchen,941,2060,https://buket_name.s3.ap-northeast-1.amazonaws.com/by.gif,NEW,2024-03-17T01:44:44.826990,2023-12-22T08:47:34.837338
1864,RusticSpotBar,660,2107,https://buket_name.s3.ap-northeast-1.amazonaws.com/range.png,PROSPECT,2024-10-28T01:07:05.826994,2024-09-27T12:32:07.837362
1790,CozySpotKitchen,414,2636,https://buket_name.s3.ap-northeast-1.amazonaws.com/TV.gif,NEW,2024-05-02T07:28:37.826999,2024-10-22T17:24:51.837385
1585,CozyLoungeBistro,866,2705,https://buket_name.s3.ap-northeast-1.amazonaws.com/far.jpeg,PROSPECT,2024-03-10T13:46:54.827003,2024-11-16T07:21:13.837428
1517,RusticCornerBistro,334,2417,https://buket_name.s3.ap-northeast-1.amazonaws.com/court.tiff,EXISTING,2024-03-08T19:25:04.827008,2024-06-25T14:49:22.837450
1663,SunnyLoungeBistro,563,2556,https://buket_name.s3.ap-northeast-1.amazonaws.com/maybe.bmp,PROSPECT,2024-04-20T08:24:27.827013,2024-08-27T20:22:09.837472
1709,RusticHutBakery,371,2658,https://buket_name.s3.ap-northeast-1.amazonaws.com/product.jpg,PROSPECT,2024-08-14T21:48:51.827017,2023-12-03T01:24:58.837498
1808,RusticHutEatery,533,2833,https://buket_name.s3.ap-northeast-1.amazonaws.com/age.bmp,EXISTING,2024-10-27T15:46:08.827022,2024-01-20T23:16:56.837520
1109,CharmingHutBistro,722,2463,https://buket_name.s3.ap-northeast-1.amazonaws.com/white.jpeg,NEW,2024-04-28T12:21:48.827026,2024-03-19T16:55:15.837543
1663,GoldenPlateGrill,897,2878,https://buket_name.s3.ap-northeast-1.amazonaws.com/such.jpg,NEW,2024-02-02T13:37:55.827031,2024-08-25T01:17:51.837565
1833,RusticLoungeKitchen,23,2689,https://buket_name.s3.ap-northeast-1.amazonaws.com/training.bmp,EXISTING,2024-10-12T03:42:27.827035,2024-04-04T20:20:53.837589
1442,CharmingCornerDiner,925,2980,https://buket_name.s3.ap-northeast-1.amazonaws.com/cell.jpeg,EXISTING,2024-02-08T18:53:37.827040,2024-03-27T22:52:08.837611
1537,CharmingHouseGrill,775,2505,https://buket_name.s3.ap-northeast-1.amazonaws.com/near.tiff,PROSPECT,2023-11-28T06:30:59.827044,2024-07-21T17:52:10.837633
1076,DeliciousPlateBistro,428,2662,https://buket_name.s3.ap-northeast-1.amazonaws.com/quite.tiff,EXISTING,2024-08-28T17:55:46.827049,2024-10-08T17:30:15.837656
1825,GoldenCornerEatery,73,2658,https://buket_name.s3.ap-northeast-1.amazonaws.com/building.jpeg,EXISTING,2024-03-07T12:14:44.827053,2023-12-04T12:16:42.837680
1124,SpicySpotBakery,173,2188,https://buket_name.s3.ap-northeast-1.amazonaws.com/family.gif,NEW,2024-05-04T10:37:44.827058,2024-06-13T20:33:31.837703
1022,SpicyHutBistro,21,2829,https://buket_name.s3.ap-northeast-1.amazonaws.com/and.bmp,PROSPECT,2024-03-21T22:38:11.827063,2024-03-05T18:36:59.837743
1044,RusticHutBistro,983,2859,https://buket_name.s3.ap-northeast-1.amazonaws.com/describe.bmp,PROSPECT,2024-06-13T17:16:35.827067,2024-06-21T15:47:24.837766
1855,SunnyLoungeBistro,55,2426,https://buket_name.s3.ap-northeast-1.amazonaws.com/event.tiff,EXISTING,2024-11-12T02:04:16.827072,2024-02-13T07:44:25.837788
1570,CharmingCornerCafe,132,2186,https://buket_name.s3.ap-northeast-1.amazonaws.com/forward.png,PROSPECT,2024-09-06T17:48:07.827076,2024-03-26T13:44:41.837810
1954,GoldenLoungeBar,687,2186,https://buket_name.s3.ap-northeast-1.amazonaws.com/writer.jpeg,EXISTING,2024-06-04T06:11:00.827081,2024-07-17T03:42:18.837835
1762,SunnyTableEatery,816,2090,https://buket_name.s3.ap-northeast-1.amazonaws.com/where.png,PROSPECT,2024-05-28T20:17:01.827085,2024-11-20T08:36:20.837857
1116,SunnyTableBar,80,2750,https://buket_name.s3.ap-northeast-1.amazonaws.com/throughout.bmp,EXISTING,2024-10-17T06:25:32.827090,2024-03-16T10:10:25.837879
1182,DeliciousLoungeBistro,796,2993,https://buket_name.s3.ap-northeast-1.amazonaws.com/science.tiff,PROSPECT,2024-01-30T12:14:58.827094,2024-11-19T02:39:52.837902
1038,CharmingCornerBakery,465,2768,https://buket_name.s3.ap-northeast-1.amazonaws.com/reality.png,EXISTING,2024-03-09T10:00:35.827099,2024-10-31T16:34:04.837925
1841,GoldenHutGrill,986,2413,https://buket_name.s3.ap-northeast-1.amazonaws.com/seem.jpg,NEW,2024-09-06T14:30:12.827103,2024-05-31T10:28:47.837949
1866,CozyPlateBistro,805,2708,https://buket_name.s3.ap-northeast-1.amazonaws.com/weight.tiff,PROSPECT,2024-05-04T04:22:18.827108,2024-01-25T22:24:58.837974
1440,CozyCornerEatery,762,2499,https://buket_name.s3.ap-northeast-1.amazonaws.com/push.jpg,NEW,2024-03-06T15:42:36.827112,2024-06-28T03:34:48.837996
1090,DeliciousHutCafe,70,2509,https://buket_name.s3.ap-northeast-1.amazonaws.com/hotel.jpg,EXISTING,2023-12-19T08:15:43.827117,2023-12-21T14:59:54.838018
1553,DeliciousPlateBakery,702,2849,https://buket_name.s3.ap-northeast-1.amazonaws.com/could.png,NEW,2023-12-01T18:08:00.827121,2024-01-18T05:32:27.838040
1365,CharmingTableBakery,79,2104,https://buket_name.s3.ap-northeast-1.amazonaws.com/how.gif,PROSPECT,2024-08-16T08:28:11.827126,2024-01-29T20:26:51.838062
1357,CharmingCornerDiner,265,2504,https://buket_name.s3.ap-northeast-1.amazonaws.com/film.png,EXISTING,2024-11-25T19:43:15.827146,2024-09-30T09:32:03.838086
1037,SpicyHutGrill,515,2336,https://buket_name.s3.ap-northeast-1.amazonaws.com/certainly.bmp,PROSPECT,2024-01-20T20:16:53.827150,2024-08-01T04:16:42.838109
1848,CozyTableBakery,433,2926,https://buket_name.s3.ap-northeast-1.amazonaws.com/experience.gif,PROSPECT,2024-01-31T09:57:25.827155,2024-05-19T04:54:45.838131
1528,SpicyGardenBakery,213,2331,https://buket_name.s3.ap-northeast-1.amazonaws.com/green.jpeg,PROSPECT,2024-09-07T06:44:39.827160,2024-07-17T11:12:24.838154
1519,RusticHutKitchen,102,2130,https://buket_name.s3.ap-northeast-1.amazonaws.com/serious.jpeg,NEW,2024-02-03T20:13:52.827164,2024-07-15T09:43:19.838177
1663,GoldenPlateBar,483,2378,https://buket_name.s3.ap-northeast-1.amazonaws.com/ground.bmp,PROSPECT,2024-11-20T02:36:33.827169,2023-12-21T09:50:15.838199
1242,SpicyHouseCafe,974,2169,https://buket_name.s3.ap-northeast-1.amazonaws.com/also.png,NEW,2024-11-21T15:23:05.827173,2024-01-10T17:17:37.838222
1059,SpicySpotCafe,594,2773,https://buket_name.s3.ap-northeast-1.amazonaws.com/expect.bmp,PROSPECT,2024-03-01T16:48:48.827178,2023-12-16T11:28:18.838244
1884,SunnyHutCafe,79,2936,https://buket_name.s3.ap-northeast-1.amazonaws.com/citizen.gif,NEW,2024-02-22T18:27:54.827182,2024-01-07T17:24:38.838266
1556,CozyGardenDiner,136,2528,https://buket_name.s3.ap-northeast-1.amazonaws.com/figure.png,NEW,2024-06-06T11:25:57.827187,2024-11-03T05:40:42.838299
1634,SunnyLoungeGrill,892,2198,https://buket_name.s3.ap-northeast-1.amazonaws.com/indicate.jpeg,PROSPECT,2024-02-22T06:35:31.827191,2023-11-26T23:54:21.838323
1761,SpicyCornerCafe,308,2952,https://buket_name.s3.ap-northeast-1.amazonaws.com/carry.png,PROSPECT,2024-09-24T17:42:39.827196,2024-10-11T16:46:39.838348
1338,GoldenTableBar,764,2825,https://buket_name.s3.ap-northeast-1.amazonaws.com/building.jpeg,PROSPECT,2024-05-14T13:20:46.827200,2024-06-22T05:34:34.838370
1922,SpicySpotBar,29,2828,https://buket_name.s3.ap-northeast-1.amazonaws.com/side.jpg,NEW,2024-11-17T18:45:50.827205,2023-12-28T03:00:45.838393
1621,CharmingLoungeEatery,751,2519,https://buket_name.s3.ap-northeast-1.amazonaws.com/world.gif,EXISTING,2024-09-29T10:46:51.827209,2023-12-21T12:48:18.838416
1133,DeliciousCornerBar,535,2221,https://buket_name.s3.ap-northeast-1.amazonaws.com/foot.bmp,PROSPECT,2024-10-26T22:09:35.827214,2024-09-21T20:40:18.838439
1144,CharmingHutEatery,227,2027,https://buket_name.s3.ap-northeast-1.amazonaws.com/tough.gif,EXISTING,2024-04-25T22:05:03.827218,2023-12-14T18:33:10.838462
1942,CozyPlateBistro,803,2540,https://buket_name.s3.ap-northeast-1.amazonaws.com/shoulder.png,PROSPECT,2024-04-11T15:06:50.827223,2024-05-29T13:53:45.838485
1408,RusticTableKitchen,551,2776,https://buket_name.s3.ap-northeast-1.amazonaws.com/five.bmp,NEW,2024-11-24T16:33:10.827227,2024-10-08T11:51:26.838508
1685,RusticCornerKitchen,876,2219,https://buket_name.s3.ap-northeast-1.amazonaws.com/thing.jpg,PROSPECT,2024-03-03T16:23:06.827232,2024-06-17T10:15:35.838530
1456,RusticLoungeBar,644,2665,https://buket_name.s3.ap-northeast-1.amazonaws.com/firm.jpeg,NEW,2024-06-03T00:02:07.827236,2024-06-02T10:47:06.838553
1960,SunnyHutBakery,551,2909,https://buket_name.s3.ap-northeast-1.amazonaws.com/boy.jpg,NEW,2024-10-09T12:17:06.827240,2024-01-28T23:21:35.838578
1553,CozyTableBakery,811,2697,https://buket_name.s3.ap-northeast-1.amazonaws.com/option.bmp,EXISTING,2024-04-21T16:09:00.827245,2024-08-12T14:20:20.838600
1762,CozyTableDiner,415,2787,https://buket_name.s3.ap-northeast-1.amazonaws.com/matter.jpg,EXISTING,2024-07-10T17:27:01.827250,2024-09-30T14:48:53.838624
1263,SunnyTableEatery,253,2763,https://buket_name.s3.ap-northeast-1.amazonaws.com/thought.jpeg,PROSPECT,2023-12-19T05:40:17.827254,2024-03-12T10:00:03.838647
1576,CozyHutGrill,800,2663,https://buket_name.s3.ap-northeast-1.amazonaws.com/capital.jpeg,PROSPECT,2023-12-02T21:03:08.827258,2024-05-27T18:53:35.838671
1169,DeliciousHouseBakery,617,2273,https://buket_name.s3.ap-northeast-1.amazonaws.com/business.jpg,EXISTING,2024-01-20T18:27:48.827263,2024-03-04T04:10:21.838693
1372,SunnyTableBistro,500,2417,https://buket_name.s3.ap-northeast-1.amazonaws.com/modern.tiff,NEW,2024-10-06T08:25:42.827267,2024-08-14T22:44:46.838715
1539,CharmingTableBakery,962,2744,https://buket_name.s3.ap-northeast-1.amazonaws.com/always.jpg,NEW,2024-09-11T16:15:19.827272,2024-03-20T00:23:23.838738
1054,GoldenHutBakery,651,2956,https://buket_name.s3.ap-northeast-1.amazonaws.com/government.jpeg,NEW,2024-08-20T01:00:14.827276,2024-01-23T15:51:10.838761
1757,DeliciousSpotEatery,742,2906,https://buket_name.s3.ap-northeast-1.amazonaws.com/right.tiff,EXISTING,2023-12-09T17:00:50.827280,2024-05-05T01:48:50.838783
1341,CozyHutKitchen,986,2728,https://buket_name.s3.ap-northeast-1.amazonaws.com/wide.gif,EXISTING,2023-12-09T00:41:35.827285,2024-11-02T15:12:01.838805
1475,CozyHutEatery,81,2770,https://buket_name.s3.ap-northeast-1.amazonaws.com/produce.gif,NEW,2024-04-07T05:26:49.827289,2024-08-01T03:31:57.838829
1636,CharmingHouseBakery,440,2777,https://buket_name.s3.ap-northeast-1.amazonaws.com/how.png,PROSPECT,2024-05-10T03:41:40.827293,2024-10-15T01:14:00.838851
1209,GoldenTableCafe,231,2935,https://buket_name.s3.ap-northeast-1.amazonaws.com/begin.tiff,NEW,2024-10-07T13:45:20.827298,2024-01-28T14:25:37.838875
1546,DeliciousTableEatery,837,2921,https://buket_name.s3.ap-northeast-1.amazonaws.com/system.bmp,PROSPECT,2023-11-26T20:16:03.827302,2023-12-17T10:52:08.838897
1794,SunnyHouseGrill,614,2968,https://buket_name.s3.ap-northeast-1.amazonaws.com/decade.bmp,NEW,2024-03-18T07:50:22.827307,2024-01-23T13:10:42.838920
1339,CozyLoungeDiner,691,2477,https://buket_name.s3.ap-northeast-1.amazonaws.com/do.tiff,EXISTING,2024-05-29T17:46:26.827312,2024-06-05T22:30:19.838944
1509,GoldenTableDiner,749,2810,https://buket_name.s3.ap-northeast-1.amazonaws.com/image.bmp,EXISTING,2024-03-13T12:15:01.827316,2024-07-18T14:34:45.838967
1374,CozyCornerBistro,487,2282,https://buket_name.s3.ap-northeast-1.amazonaws.com/billion.bmp,PROSPECT,2024-03-03T18:24:22.827321,2023-12-06T15:31:08.839008
1691,CozyHutBistro,36,2985,https://buket_name.s3.ap-northeast-1.amazonaws.com/only.jpg,NEW,2024-01-07T11:11:49.827325,2024-09-11T19:27:30.839031
1307,CharmingPlateEatery,499,2106,https://buket_name.s3.ap-northeast-1.amazonaws.com/figure.png,PROSPECT,2024-02-09T22:48:22.827330,2024-04-17T03:24:27.839055
1919,CharmingCornerCafe,510,2259,https://buket_name.s3.ap-northeast-1.amazonaws.com/wife.jpg,EXISTING,2024-08-11T14:56:24.827334,2024-02-07T07:14:36.839079
1329,DeliciousCornerKitchen,142,2609,https://buket_name.s3.ap-northeast-1.amazonaws.com/story.jpg,PROSPECT,2024-01-14T19:50:09.827338,2024-09-05T00:56:52.839101
1445,SunnyLoungeGrill,927,2983,https://buket_name.s3.ap-northeast-1.amazonaws.com/send.png,NEW,2024-06-04T16:35:03.827343,2024-02-06T18:49:18.839124
1245,DeliciousHutEatery,372,2748,https://buket_name.s3.ap-northeast-1.amazonaws.com/director.tiff,NEW,2024-10-28T08:15:41.827348,2024-11-01T13:25:24.839147
1740,CharmingCornerKitchen,95,2068,https://buket_name.s3.ap-northeast-1.amazonaws.com/because.jpg,PROSPECT,2024-03-22T04:15:36.827352,2024-06-16T10:40:14.839169
1639,GoldenGardenKitchen,193,2612,https://buket_name.s3.ap-northeast-1.amazonaws.com/discussion.jpeg,PROSPECT,2024-03-03T09:59:36.827357,2024-07-29T09:18:09.839193
1912,CharmingPlateBistro,28,2627,https://buket_name.s3.ap-northeast-1.amazonaws.com/pay.jpeg,NEW,2024-06-04T00:29:20.827361,2024-02-09T18:01:50.839216
1918,RusticCornerCafe,572,2907,https://buket_name.s3.ap-northeast-1.amazonaws.com/lawyer.gif,EXISTING,2024-04-27T02:14:15.827366,2024-09-24T22:44:01.839238
1499,SpicyLoungeBar,946,2293,https://buket_name.s3.ap-northeast-1.amazonaws.com/her.gif,PROSPECT,2024-11-23T00:25:36.827372,2024-07-16T21:01:24.839260
1546,DeliciousHouseGrill,871,2877,https://buket_name.s3.ap-northeast-1.amazonaws.com/attack.bmp,PROSPECT,2024-11-21T01:22:10.827377,2024-05-20T02:14:54.839283
1412,CozyLoungeGrill,230,2119,https://buket_name.s3.ap-northeast-1.amazonaws.com/ahead.tiff,NEW,2024-04-15T08:53:51.827381,2024-07-18T02:49:48.839306
1119,RusticSpotCafe,647,2121,https://buket_name.s3.ap-northeast-1.amazonaws.com/live.png,PROSPECT,2024-09-17T12:51:47.827386,2024-03-18T16:37:51.839343
1401,CharmingCornerKitchen,126,2973,https://buket_name.s3.ap-northeast-1.amazonaws.com/defense.tiff,NEW,2024-04-02T08:59:30.827391,2024-02-04T16:09:38.839365
1610,DeliciousPlateBistro,171,2017,https://buket_name.s3.ap-northeast-1.amazonaws.com/modern.bmp,EXISTING,2023-11-27T19:15:15.827395,2024-04-12T08:26:49.839389
1241,SpicyGardenBistro,147,2135,https://buket_name.s3.ap-northeast-1.amazonaws.com/establish.jpg,NEW,2024-03-08T15:35:28.827399,2024-10-06T03:49:51.839413
1416,DeliciousSpotBistro,927,2483,https://buket_name.s3.ap-northeast-1.amazonaws.com/put.gif,PROSPECT,2024-03-19T18:34:42.827404,2024-05-22T03:23:50.839436
1379,SunnyLoungeGrill,32,2882,https://buket_name.s3.ap-northeast-1.amazonaws.com/yourself.bmp,PROSPECT,2024-01-27T18:12:57.827408,2024-04-21T22:04:32.839458
1368,SunnyPlateGrill,332,2620,https://buket_name.s3.ap-northeast-1.amazonaws.com/price.gif,NEW,2023-11-30T23:47:58.827413,2024-11-18T21:54:31.839481
1284,SunnyCornerBakery,336,2483,https://buket_name.s3.ap-northeast-1.amazonaws.com/book.gif,EXISTING,2023-12-26T12:53:13.827417,2024-09-19T06:51:48.839505
1213,SunnyHouseCafe,199,2957,https://buket_name.s3.ap-northeast-1.amazonaws.com/low.gif,PROSPECT,2023-12-09T03:25:11.827422,2024-03-11T15:36:24.839527
1633,DeliciousCornerCafe,239,2589,https://buket_name.s3.ap-northeast-1.amazonaws.com/high.jpg,EXISTING,2024-01-18T16:26:04.827426,2024-10-31T20:14:52.839550
1387,GoldenGardenBakery,264,2892,https://buket_name.s3.ap-northeast-1.amazonaws.com/the.png,NEW,2024-11-10T20:16:42.827431,2024-04-19T20:36:09.839572
1428,RusticTableBar,830,2636,https://buket_name.s3.ap-northeast-1.amazonaws.com/book.gif,EXISTING,2024-10-20T02:15:23.827435,2024-02-25T17:49:18.839595
1362,GoldenCornerBar,840,2482,https://buket_name.s3.ap-northeast-1.amazonaws.com/method.png,EXISTING,2024-02-03T16:41:32.827440,2023-12-08T11:26:24.839617
1205,CharmingGardenBar,826,2923,https://buket_name.s3.ap-northeast-1.amazonaws.com/organization.gif,EXISTING,2024-01-08T15:13:16.827444,2024-02-21T00:10:04.839640
1056,SunnyHutDiner,115,2778,https://buket_name.s3.ap-northeast-1.amazonaws.com/pull.jpg,PROSPECT,2024-03-06T18:23:54.827448,2024-05-21T06:45:13.839662
1220,CharmingGardenBar,856,2906,https://buket_name.s3.ap-northeast-1.amazonaws.com/land.tiff,EXISTING,2024-06-23T19:12:41.827453,2023-12-13T08:14:21.839685
1975,GoldenPlateDiner,152,2251,https://buket_name.s3.ap-northeast-1.amazonaws.com/mission.png,PROSPECT,2024-10-03T05:52:01.827457,2024-08-12T14:31:41.839707
1817,DeliciousPlateDiner,784,2006,https://buket_name.s3.ap-northeast-1.amazonaws.com/whose.tiff,PROSPECT,2024-07-23T00:09:13.827461,2024-11-24T08:34:23.839729
1509,SunnyTableBistro,166,2529,https://buket_name.s3.ap-northeast-1.amazonaws.com/these.jpeg,PROSPECT,2024-06-28T23:52:05.827466,2023-12-19T13:30:24.839751
1598,CozyTableBistro,360,2504,https://buket_name.s3.ap-northeast-1.amazonaws.com/moment.jpg,EXISTING,2024-03-07T22:06:34.827470,2024-07-09T23:26:21.839773
1583,CozyTableBar,46,2023,https://buket_name.s3.ap-northeast-1.amazonaws.com/religious.tiff,PROSPECT,2024-03-18T18:41:03.827475,2024-10-01T08:51:24.839794
1927,GoldenPlateEatery,215,2735,https://buket_name.s3.ap-northeast-1.amazonaws.com/occur.gif,EXISTING,2024-08-17T04:39:32.827479,2024-11-23T20:25:01.839817
1087,RusticTableGrill,65,2963,https://buket_name.s3.ap-northeast-1.amazonaws.com/word.png,PROSPECT,2024-09-11T02:04:26.827483,2024-05-17T15:28:55.839839
1961,GoldenHouseDiner,893,2212,https://buket_name.s3.ap-northeast-1.amazonaws.com/act.gif,NEW,2024-06-18T06:30:21.827487,2024-10-01T13:23:10.839862
1910,SpicyLoungeDiner,737,2021,https://buket_name.s3.ap-northeast-1.amazonaws.com/season.jpeg,NEW,2024-04-16T02:00:24.827492,2024-03-10T01:31:46.839887
1059,RusticPlateCafe,136,2913,https://buket_name.s3.ap-northeast-1.amazonaws.com/way.tiff,NEW,2024-04-10T17:48:00.827497,2024-08-11T12:39:47.839909
1346,DeliciousPlateEatery,333,2246,https://buket_name.s3.ap-northeast-1.amazonaws.com/television.jpeg,NEW,2024-07-26T04:46:44.827501,2024-11-22T17:34:42.839932
1405,CozyGardenBakery,42,2197,https://buket_name.s3.ap-northeast-1.amazonaws.com/also.jpeg,EXISTING,2023-12-14T00:04:02.827506,2023-12-09T04:53:02.839954
1518,CharmingSpotEatery,566,2002,https://buket_name.s3.ap-northeast-1.amazonaws.com/choose.png,PROSPECT,2024-02-01T01:38:49.827510,2024-02-13T15:48:29.839991
1067,DeliciousPlateKitchen,864,2658,https://buket_name.s3.ap-northeast-1.amazonaws.com/player.jpeg,EXISTING,2024-10-22T22:20:14.827515,2024-07-26T12:23:49.840014
2000,CharmingPlateEatery,791,2540,https://buket_name.s3.ap-northeast-1.amazonaws.com/thousand.gif,EXISTING,2024-05-16T08:25:26.827519,2024-03-07T05:28:54.840036
1062,SunnyCornerDiner,295,2990,https://buket_name.s3.ap-northeast-1.amazonaws.com/pass.jpg,EXISTING,2024-01-28T09:55:46.827524,2024-02-07T09:29:57.840059
1051,CozyGardenBar,861,2588,https://buket_name.s3.ap-northeast-1.amazonaws.com/serious.jpeg,NEW,2024-01-07T03:07:49.827528,2024-11-04T22:34:23.840081
1855,RusticGardenBakery,691,2860,https://buket_name.s3.ap-northeast-1.amazonaws.com/surface.tiff,NEW,2023-12-17T16:44:54.827533,2024-07-16T21:13:35.840104
1693,GoldenTableBistro,44,2418,https://buket_name.s3.ap-northeast-1.amazonaws.com/attorney.jpg,NEW,2024-02-25T10:01:44.827537,2023-12-05T17:27:38.840126
1961,SpicyGardenKitchen,349,2186,https://buket_name.s3.ap-northeast-1.amazonaws.com/name.bmp,NEW,2024-03-01T23:13:54.827542,2024-03-21T14:03:41.840149
1438,SpicyGardenEatery,517,2131,https://buket_name.s3.ap-northeast-1.amazonaws.com/attorney.bmp,NEW,2023-12-20T17:32:41.827546,2024-05-12T20:56:28.840171
1080,SunnyLoungeKitchen,446,2063,https://buket_name.s3.ap-northeast-1.amazonaws.com/case.gif,EXISTING,2024-09-19T17:08:56.827551,2024-02-11T13:16:05.840195
1986,GoldenCornerGrill,282,2632,https://buket_name.s3.ap-northeast-1.amazonaws.com/first.bmp,PROSPECT,2024-11-01T16:43:48.827555,2024-01-19T06:57:42.840217
1046,CozyHutGrill,936,2367,https://buket_name.s3.ap-northeast-1.amazonaws.com/song.bmp,NEW,2024-08-25T08:10:30.827560,2024-07-11T08:25:31.840239
1821,GoldenHutGrill,653,2833,https://buket_name.s3.ap-northeast-1.amazonaws.com/give.jpg,PROSPECT,2024-01-24T07:04:54.827564,2024-01-16T01:04:43.840261
1323,SpicyLoungeEatery,731,2430,https://buket_name.s3.ap-northeast-1.amazonaws.com/such.gif,EXISTING,2024-06-25T09:13:55.827569,2024-07-24T03:20:35.840284
1036,CozyCornerKitchen,600,2143,https://buket_name.s3.ap-northeast-1.amazonaws.com/trouble.gif,EXISTING,2024-06-08T15:00:53.827573,2024-01-16T14:36:50.840306
1149,GoldenGardenGrill,207,2123,https://buket_name.s3.ap-northeast-1.amazonaws.com/magazine.tiff,NEW,2024-07-31T01:17:30.827579,2024-08-04T19:25:14.840328
1634,CharmingPlateDiner,426,2956,https://buket_name.s3.ap-northeast-1.amazonaws.com/mouth.jpeg,PROSPECT,2024-09-19T07:48:16.827583,2024-03-25T06:45:26.840351
1999,GoldenHouseBistro,420,2437,https://buket_name.s3.ap-northeast-1.amazonaws.com/wear.jpg,PROSPECT,2024-10-09T18:54:35.827588,2024-07-29T10:55:44.840374
1693,CharmingCornerCafe,531,2049,https://buket_name.s3.ap-northeast-1.amazonaws.com/morning.png,NEW,2024-04-14T06:14:16.827592,2024-03-21T21:20:58.840397
1625,GoldenSpotKitchen,637,2358,https://buket_name.s3.ap-northeast-1.amazonaws.com/painting.bmp,NEW,2024-06-13T15:01:13.827606,2024-09-21T22:19:14.840418
1205,GoldenPlateBar,137,2119,https://buket_name.s3.ap-northeast-1.amazonaws.com/resource.bmp,EXISTING,2024-10-04T04:38:05.827611,2023-12-10T09:38:23.840440
1387,SpicyLoungeGrill,583,2573,https://buket_name.s3.ap-northeast-1.amazonaws.com/son.png,PROSPECT,2024-06-15T05:58:51.827615,2024-06-23T11:04:27.840463
1721,DeliciousCornerGrill,250,2509,https://buket_name.s3.ap-northeast-1.amazonaws.com/ball.png,EXISTING,2024-09-26T01:23:46.827620,2024-09-16T20:59:54.840486
1852,GoldenHouseBakery,826,2443,https://buket_name.s3.ap-northeast-1.amazonaws.com/last.tiff,EXISTING,2023-12-10T23:10:52.827624,2024-02-20T06:59:43.840521
1616,SunnyHutKitchen,106,2112,https://buket_name.s3.ap-northeast-1.amazonaws.com/figure.gif,PROSPECT,2024-07-20T01:20:04.827629,2024-02-15T13:54:15.840544
1201,DeliciousTableDiner,964,2430,https://buket_name.s3.ap-northeast-1.amazonaws.com/wear.png,NEW,2024-08-13T17:11:16.827633,2024-03-26T13:17:19.840567
1131,GoldenHutKitchen,617,2680,https://buket_name.s3.ap-northeast-1.amazonaws.com/key.png,EXISTING,2023-12-13T16:09:16.827637,2024-11-21T06:05:18.840591
1211,SunnyHouseGrill,171,2345,https://buket_name.s3.ap-northeast-1.amazonaws.com/through.jpg,NEW,2024-06-22T22:31:34.827642,2024-04-25T07:47:20.840615
1711,SunnyTableBar,825,2449,https://buket_name.s3.ap-northeast-1.amazonaws.com/political.jpg,PROSPECT,2024-10-04T15:44:25.827646,2024-10-22T22:40:09.840638
1724,CozyTableGrill,950,2939,https://buket_name.s3.ap-northeast-1.amazonaws.com/east.png,NEW,2024-11-23T03:15:41.827651,2024-09-06T20:19:57.840660
1239,DeliciousPlateDiner,846,2435,https://buket_name.s3.ap-northeast-1.amazonaws.com/realize.bmp,NEW,2024-11-24T08:40:54.827655,2024-01-09T22:14:02.840683
1014,RusticGardenBar,639,2070,https://buket_name.s3.ap-northeast-1.amazonaws.com/sit.bmp,NEW,2024-10-04T17:33:44.827660,2024-01-21T12:54:15.840707
1608,CozyGardenGrill,693,2707,https://buket_name.s3.ap-northeast-1.amazonaws.com/five.gif,PROSPECT,2024-07-25T16:02:36.827664,2023-11-27T00:01:32.840729
1253,SunnyHutDiner,798,2365,https://buket_name.s3.ap-northeast-1.amazonaws.com/over.png,EXISTING,2024-11-11T06:47:53.827669,2024-03-27T13:42:09.840751
1975,SpicyHutBistro,516,2429,https://buket_name.s3.ap-northeast-1.amazonaws.com/go.jpeg,NEW,2024-07-22T19:11:27.827673,2023-12-24T11:29:36.840774
1367,GoldenTableBakery,237,2217,https://buket_name.s3.ap-northeast-1.amazonaws.com/minute.bmp,PROSPECT,2024-03-22T01:23:22.827677,2024-08-03T08:35:38.840798
1741,SpicyPlateGrill,695,2421,https://buket_name.s3.ap-northeast-1.amazonaws.com/yes.jpeg,EXISTING,2024-10-21T05:58:55.827683,2024-04-11T23:07:49.840820
1916,GoldenSpotGrill,1000,2125,https://buket_name.s3.ap-northeast-1.amazonaws.com/spring.jpeg,NEW,2024-04-17T14:46:04.827687,2024-06-10T04:34:49.840858
1834,RusticPlateBakery,688,2392,https://buket_name.s3.ap-northeast-1.amazonaws.com/if.jpg,NEW,2024-01-13T12:13:10.827691,2024-10-16T15:29:06.840881
1282,SunnyGardenCafe,961,2090,https://buket_name.s3.ap-northeast-1.amazonaws.com/assume.jpg,EXISTING,2024-02-26T16:31:20.827696,2024-01-10T16:26:56.840903
1418,GoldenHouseEatery,970,2852,https://buket_name.s3.ap-northeast-1.amazonaws.com/put.gif,EXISTING,2024-02-13T11:37:23.827700,2024-06-11T21:04:05.840925
1610,CharmingHouseKitchen,882,2691,https://buket_name.s3.ap-northeast-1.amazonaws.com/edge.gif,NEW,2024-08-22T12:49:50.827705,2023-12-10T19:57:31.840948
1932,SpicyTableBistro,398,2766,https://buket_name.s3.ap-northeast-1.amazonaws.com/shoulder.jpeg,NEW,2024-05-02T20:35:31.827709,2024-09-10T14:56:40.840972
1421,RusticCornerKitchen,271,2582,https://buket_name.s3.ap-northeast-1.amazonaws.com/around.jpeg,NEW,2024-03-25T01:41:44.827713,2024-11-11T00:30:37.840994
1732,SunnyHutGrill,571,2195,https://buket_name.s3.ap-northeast-1.amazonaws.com/medical.bmp,EXISTING,2024-01-11T04:00:07.827717,2024-11-24T19:06:58.841016
1826,DeliciousLoungeBistro,793,2522,https://buket_name.s3.ap-northeast-1.amazonaws.com/chance.jpg,PROSPECT,2024-02-22T20:58:31.827722,2024-09-23T14:56:11.841038
1138,RusticGardenDiner,338,2521,https://buket_name.s3.ap-northeast-1.amazonaws.com/voice.jpg,PROSPECT,2024-01-08T05:29:50.827726,2023-12-03T12:03:35.841061
1011,RusticHutBistro,535,2658,https://buket_name.s3.ap-northeast-1.amazonaws.com/series.png,NEW,2024-07-10T01:08:39.827730,2024-11-22T12:23:20.841087
1823,RusticCornerGrill,941,2485,https://buket_name.s3.ap-northeast-1.amazonaws.com/report.bmp,EXISTING,2024-08-27T03:27:48.827735,2024-04-07T19:16:41.841110
1200,SpicyHutKitchen,740,2296,https://buket_name.s3.ap-northeast-1.amazonaws.com/civil.tiff,PROSPECT,2024-03-04T03:33:57.827739,2024-05-17T17:29:06.841132
1915,CozyGardenBistro,270,2969,https://buket_name.s3.ap-northeast-1.amazonaws.com/its.jpeg,EXISTING,2024-06-19T06:19:28.827743,2024-08-07T08:58:52.841154
1947,SunnyLoungeGrill,886,2168,https://buket_name.s3.ap-northeast-1.amazonaws.com/population.bmp,NEW,2024-11-16T10:47:53.827747,2024-07-16T05:26:24.841176
1547,CozyLoungeBistro,280,2636,https://buket_name.s3.ap-northeast-1.amazonaws.com/imagine.jpg,NEW,2024-04-29T17:56:47.827752,2024-07-01T01:50:18.841199
1583,CozyHouseGrill,312,2257,https://buket_name.s3.ap-northeast-1.amazonaws.com/anyone.jpg,NEW,2024-03-24T09:05:20.827756,2024-07-15T00:14:44.841222
1305,CharmingHouseBar,294,2346,https://buket_name.s3.ap-northeast-1.amazonaws.com/market.bmp,PROSPECT,2023-12-22T14:01:00.827761,2024-08-24T13:06:52.841244
1211,CharmingSpotBistro,912,2233,https://buket_name.s3.ap-northeast-1.amazonaws.com/again.gif,NEW,2024-01-18T19:23:41.827765,2024-01-29T00:58:27.841269
1533,SpicyCornerBakery,575,2480,https://buket_name.s3.ap-northeast-1.amazonaws.com/piece.bmp,NEW,2023-12-26T08:09:35.827770,2024-08-15T06:24:34.841293
1014,RusticLoungeKitchen,708,2847,https://buket_name.s3.ap-northeast-1.amazonaws.com/cause.png,EXISTING,2024-10-13T19:37:08.827774,2023-12-03T18:16:39.841318
1441,CozyHutBakery,160,2508,https://buket_name.s3.ap-northeast-1.amazonaws.com/game.tiff,EXISTING,2024-01-05T09:11:34.827778,2023-12-02T05:52:58.841343
1788,CozyGardenBar,15,2372,https://buket_name.s3.ap-northeast-1.amazonaws.com/scene.bmp,NEW,2024-10-12T01:07:02.827783,2024-10-18T12:56:00.841365
1604,SunnyHutBistro,417,2440,https://buket_name.s3.ap-northeast-1.amazonaws.com/range.png,PROSPECT,2023-12-18T20:41:16.827787,2024-04-07T05:47:43.841389
1728,GoldenLoungeBistro,372,2383,https://buket_name.s3.ap-northeast-1.amazonaws.com/day.jpeg,EXISTING,2023-12-30T11:17:05.827791,2024-04-26T02:38:57.841411
1658,GoldenHutDiner,429,2211,https://buket_name.s3.ap-northeast-1.amazonaws.com/step.jpg,NEW,2024-06-27T03:34:23.827795,2024-05-17T12:27:57.841434
1633,DeliciousLoungeKitchen,45,2183,https://buket_name.s3.ap-northeast-1.amazonaws.com/bring.jpg,PROSPECT,2024-02-19T14:09:01.827800,2024-04-18T06:06:32.841457
1424,CozyTableBar,476,2030,https://buket_name.s3.ap-northeast-1.amazonaws.com/poor.bmp,PROSPECT,2024-02-12T12:31:55.827806,2024-02-21T05:15:33.841479
1029,SunnyHouseBakery,52,2100,https://buket_name.s3.ap-northeast-1.amazonaws.com/manage.tiff,EXISTING,2024-01-29T18:51:22.827810,2024-03-19T08:26:30.841501
1345,GoldenTableCafe,512,2959,https://buket_name.s3.ap-northeast-1.amazonaws.com/project.png,NEW,2024-09-18T03:50:19.827815,2023-12-21T02:35:19.841524
1379,CozyGardenKitchen,165,2813,https://buket_name.s3.ap-northeast-1.amazonaws.com/rather.jpeg,NEW,2024-06-08T08:40:54.827819,2024-09-23T10:08:27.841547
1755,GoldenPlateKitchen,892,2610,https://buket_name.s3.ap-northeast-1.amazonaws.com/rest.bmp,NEW,2024-03-02T02:34:00.827824,2024-07-16T15:25:03.841570
1015,RusticLoungeCafe,871,2897,https://buket_name.s3.ap-northeast-1.amazonaws.com/pretty.tiff,NEW,2024-04-15T16:53:58.827828,2024-08-13T05:12:54.841592
1314,DeliciousPlateBar,239,2540,https://buket_name.s3.ap-northeast-1.amazonaws.com/story.jpeg,EXISTING,2024-08-31T09:51:30.827833,2024-09-09T07:54:09.841615
1565,CozyCornerDiner,742,2997,https://buket_name.s3.ap-northeast-1.amazonaws.com/which.gif,EXISTING,2024-07-27T01:12:22.827838,2024-03-28T18:57:16.841640
1720,CozySpotBar,874,2170,https://buket_name.s3.ap-northeast-1.amazonaws.com/successful.jpg,NEW,2024-01-06T21:13:33.827878,2024-11-26T08:43:51.841663
1036,DeliciousGardenBakery,663,2561,https://buket_name.s3.ap-northeast-1.amazonaws.com/whom.jpeg,NEW,2024-08-08T02:07:09.827883,2024-07-28T13:03:59.841690
1719,GoldenPlateDiner,127,2715,https://buket_name.s3.ap-northeast-1.amazonaws.com/turn.tiff,EXISTING,2024-10-01T19:11:12.827888,2024-03-08T23:20:29.841713
1856,RusticGardenBistro,661,2540,https://buket_name.s3.ap-northeast-1.amazonaws.com/take.tiff,NEW,2024-08-03T06:28:27.827892,2024-10-31T15:37:20.841735
1996,CharmingCornerBakery,931,2636,https://buket_name.s3.ap-northeast-1.amazonaws.com/natural.bmp,EXISTING,2024-03-24T20:01:34.827897,2024-04-23T18:13:31.841757
1073,CozyPlateBar,126,2909,https://buket_name.s3.ap-northeast-1.amazonaws.com/American.gif,EXISTING,2024-09-13T15:52:05.827901,2024-07-24T00:50:35.841780
1797,DeliciousLoungeKitchen,822,2655,https://buket_name.s3.ap-northeast-1.amazonaws.com/light.jpg,PROSPECT,2024-01-01T21:57:02.827905,2024-02-02T01:39:22.841801
1745,DeliciousCornerBistro,8,2707,https://buket_name.s3.ap-northeast-1.amazonaws.com/something.jpeg,EXISTING,2024-08-09T07:10:43.827910,2024-08-24T06:08:33.841824
1947,SunnyHouseCafe,279,2508,https://buket_name.s3.ap-northeast-1.amazonaws.com/lose.gif,NEW,2024-01-04T16:59:08.827914,2024-05-07T15:00:39.841847
1553,DeliciousTableGrill,768,3000,https://buket_name.s3.ap-northeast-1.amazonaws.com/strategy.jpeg,NEW,2024-05-08T15:48:31.827919,2024-04-29T23:08:45.841868
1984,DeliciousLoungeBakery,953,2020,https://buket_name.s3.ap-northeast-1.amazonaws.com/bag.tiff,PROSPECT,2024-10-09T10:28:11.827923,2024-04-08T02:00:32.841891
1835,DeliciousCornerBar,437,2215,https://buket_name.s3.ap-northeast-1.amazonaws.com/week.bmp,NEW,2024-09-23T20:19:50.827928,2024-10-29T05:07:23.841914
1839,SpicyPlateDiner,565,2802,https://buket_name.s3.ap-northeast-1.amazonaws.com/mention.bmp,EXISTING,2024-08-03T03:36:09.827932,2024-02-16T21:48:19.841936
1397,GoldenHouseDiner,852,2549,https://buket_name.s3.ap-northeast-1.amazonaws.com/wear.jpeg,PROSPECT,2024-10-19T14:40:43.827936,2024-09-11T08:12:25.841959
1212,CozyPlateKitchen,701,2078,https://buket_name.s3.ap-northeast-1.amazonaws.com/you.bmp,EXISTING,2024-09-13T04:32:26.827940,2024-05-12T15:50:31.841981
1888,GoldenPlateDiner,423,2524,https://buket_name.s3.ap-northeast-1.amazonaws.com/reflect.png,NEW,2024-08-19T06:34:09.827945,2024-03-12T13:08:36.842004
1632,RusticSpotGrill,389,2427,https://buket_name.s3.ap-northeast-1.amazonaws.com/owner.png,EXISTING,2024-09-02T01:17:49.827949,2024-10-22T18:10:46.842025
1156,DeliciousCornerDiner,535,2103,https://buket_name.s3.ap-northeast-1.amazonaws.com/drug.gif,NEW,2024-09-15T13:16:17.827954,2024-07-29T00:23:40.842048
1160,DeliciousTableEatery,866,2434,https://buket_name.s3.ap-northeast-1.amazonaws.com/stand.bmp,NEW,2024-01-04T22:26:16.827958,2024-03-10T04:02:58.842071
1443,SunnyLoungeBar,660,2407,https://buket_name.s3.ap-northeast-1.amazonaws.com/state.tiff,NEW,2024-04-12T13:22:50.827963,2024-03-02T22:02:52.842096
1858,GoldenGardenBistro,109,2556,https://buket_name.s3.ap-northeast-1.amazonaws.com/say.png,EXISTING,2023-12-07T23:02:25.827972,2023-12-11T13:54:49.842118
1035,SunnyHouseBakery,483,2209,https://buket_name.s3.ap-northeast-1.amazonaws.com/kitchen.png,EXISTING,2024-02-03T17:16:40.827977,2024-03-10T20:01:19.842141
1871,RusticPlateBistro,271,2255,https://buket_name.s3.ap-northeast-1.amazonaws.com/focus.png,EXISTING,2024-11-14T21:13:58.827982,2023-11-27T21:00:25.842163
1376,SpicyPlateCafe,856,2593,https://buket_name.s3.ap-northeast-1.amazonaws.com/child.bmp,PROSPECT,2024-05-26T16:23:58.827986,2023-12-20T17:48:12.842185
1121,SpicyGardenEatery,857,2931,https://buket_name.s3.ap-northeast-1.amazonaws.com/wait.jpg,PROSPECT,2024-03-13T06:17:31.827991,2024-02-20T21:06:56.842207
1483,SunnyHouseKitchen,668,2775,https://buket_name.s3.ap-northeast-1.amazonaws.com/knowledge.png,PROSPECT,2023-12-25T12:04:49.827995,2024-04-04T02:04:12.842231
1190,CozyLoungeGrill,480,2115,https://buket_name.s3.ap-northeast-1.amazonaws.com/would.bmp,EXISTING,2024-07-02T13:17:32.828000,2024-03-30T16:56:32.842253
1083,DeliciousGardenBistro,814,2351,https://buket_name.s3.ap-northeast-1.amazonaws.com/just.bmp,PROSPECT,2024-02-13T13:03:22.828004,2024-04-01T00:53:31.842278
1201,SpicyHouseKitchen,988,2693,https://buket_name.s3.ap-northeast-1.amazonaws.com/bit.bmp,NEW,2024-02-29T12:14:20.828008,2024-11-11T04:07:23.842300
1983,SunnyTableDiner,962,2485,https://buket_name.s3.ap-northeast-1.amazonaws.com/staff.jpg,NEW,2024-08-07T14:22:19.828013,2024-02-17T16:58:11.842323
1918,GoldenLoungeKitchen,152,2134,https://buket_name.s3.ap-northeast-1.amazonaws.com/similar.gif,NEW,2024-01-19T03:04:16.828017,2024-10-23T15:45:59.842345
1198,RusticCornerBistro,90,2903,https://buket_name.s3.ap-northeast-1.amazonaws.com/strong.bmp,PROSPECT,2024-04-24T15:23:10.828021,2024-04-18T04:33:01.842368
1797,GoldenGardenKitchen,618,2680,https://buket_name.s3.ap-northeast-1.amazonaws.com/lawyer.jpg,PROSPECT,2024-08-25T08:20:28.828026,2024-10-21T22:32:03.842390
1388,GoldenTableKitchen,807,2538,https://buket_name.s3.ap-northeast-1.amazonaws.com/key.tiff,NEW,2024-02-08T23:13:12.828030,2024-10-24T07:10:57.842412
1363,GoldenHouseGrill,958,2960,https://buket_name.s3.ap-northeast-1.amazonaws.com/model.bmp,EXISTING,2024-10-12T09:27:20.828034,2024-10-10T23:50:51.842435
1199,SpicyGardenKitchen,164,2149,https://buket_name.s3.ap-northeast-1.amazonaws.com/seven.jpeg,EXISTING,2024-08-08T23:25:13.828039,2024-04-04T09:34:29.842458
1740,CozyGardenDiner,586,2036,https://buket_name.s3.ap-northeast-1.amazonaws.com/bar.jpeg,EXISTING,2024-01-26T20:30:25.828043,2024-09-06T06:56:33.842481
1728,CozyHouseBakery,354,2547,https://buket_name.s3.ap-northeast-1.amazonaws.com/avoid.jpeg,PROSPECT,2024-05-07T14:02:22.828048,2024-05-30T10:53:58.842504
1711,RusticHouseBakery,220,2672,https://buket_name.s3.ap-northeast-1.amazonaws.com/her.bmp,NEW,2024-07-30T06:33:51.828052,2024-04-29T03:54:00.842526
1477,DeliciousPlateDiner,219,2448,https://buket_name.s3.ap-northeast-1.amazonaws.com/all.tiff,PROSPECT,2024-10-31T09:43:34.828056,2024-04-15T16:16:23.842549
1976,DeliciousSpotCafe,229,2431,https://buket_name.s3.ap-northeast-1.amazonaws.com/happen.jpeg,EXISTING,2024-02-11T07:38:49.828061,2024-06-10T09:09:29.842572
1054,GoldenGardenBistro,58,2139,https://buket_name.s3.ap-northeast-1.amazonaws.com/action.gif,PROSPECT,2024-11-25T10:45:24.828065,2024-06-16T21:16:28.842594
1672,GoldenGardenBistro,576,2262,https://buket_name.s3.ap-northeast-1.amazonaws.com/tell.gif,PROSPECT,2023-12-31T02:43:15.828070,2024-01-21T05:46:21.842618
1608,SpicyGardenKitchen,603,2402,https://buket_name.s3.ap-northeast-1.amazonaws.com/avoid.jpeg,NEW,2024-11-20T03:07:52.828074,2024-05-04T11:23:44.842650
1667,GoldenCornerBakery,657,2859,https://buket_name.s3.ap-northeast-1.amazonaws.com/walk.png,EXISTING,2023-12-02T17:50:05.828079,2023-12-21T23:02:04.842672
1199,SpicyTableEatery,943,2859,https://buket_name.s3.ap-northeast-1.amazonaws.com/despite.gif,EXISTING,2023-12-28T22:48:46.828083,2024-03-25T19:40:35.842696
1610,SpicyTableBistro,89,2639,https://buket_name.s3.ap-northeast-1.amazonaws.com/democratic.bmp,PROSPECT,2024-02-25T16:55:43.828087,2024-04-26T23:00:54.842720
1007,RusticHouseBistro,226,2454,https://buket_name.s3.ap-northeast-1.amazonaws.com/report.tiff,PROSPECT,2024-09-09T02:47:50.828092,2024-01-10T07:15:45.842742
1507,GoldenPlateEatery,297,2126,https://buket_name.s3.ap-northeast-1.amazonaws.com/writer.tiff,NEW,2024-08-10T15:39:37.828097,2023-12-12T21:05:08.842765
1277,RusticCornerEatery,631,2698,https://buket_name.s3.ap-northeast-1.amazonaws.com/small.bmp,NEW,2024-01-05T10:09:49.828101,2024-02-26T07:18:15.842788
1417,GoldenHouseCafe,189,2903,https://buket_name.s3.ap-northeast-1.amazonaws.com/finally.bmp,NEW,2024-08-21T07:40:40.828105,2024-09-09T00:13:02.842811
1833,GoldenHouseEatery,201,2424,https://buket_name.s3.ap-northeast-1.amazonaws.com/road.jpeg,PROSPECT,2024-02-10T13:08:11.828110,2024-09-25T07:57:09.842834
1405,DeliciousTableBar,859,2132,https://buket_name.s3.ap-northeast-1.amazonaws.com/worker.bmp,PROSPECT,2024-04-15T02:22:36.828114,2024-01-29T02:52:38.842856
1343,RusticHouseDiner,827,2737,https://buket_name.s3.ap-northeast-1.amazonaws.com/early.png,EXISTING,2024-09-29T14:14:54.828118,2023-12-08T02:01:09.842879
1819,CharmingPlateBar,526,2950,https://buket_name.s3.ap-northeast-1.amazonaws.com/culture.gif,PROSPECT,2024-02-09T21:33:01.828123,2024-01-06T04:56:35.842902
1314,RusticHouseBistro,641,2431,https://buket_name.s3.ap-northeast-1.amazonaws.com/budget.jpg,NEW,2024-05-21T18:38:40.828127,2023-12-29T04:37:17.842925
1826,SpicyLoungeGrill,779,2477,https://buket_name.s3.ap-northeast-1.amazonaws.com/guy.jpg,PROSPECT,2024-07-19T11:14:59.828132,2024-10-02T09:38:57.842948
1163,SpicyPlateBar,167,2991,https://buket_name.s3.ap-northeast-1.amazonaws.com/evening.tiff,NEW,2024-05-30T08:02:37.828136,2024-01-15T18:10:42.842971
1725,CharmingHouseDiner,947,2531,https://buket_name.s3.ap-northeast-1.amazonaws.com/ahead.gif,NEW,2024-08-19T08:16:35.828140,2024-01-20T05:20:36.842993
1529,RusticTableBakery,963,2999,https://buket_name.s3.ap-northeast-1.amazonaws.com/high.gif,PROSPECT,2024-04-03T23:03:13.828145,2024-06-09T09:44:01.843016
1330,RusticPlateBakery,902,2697,https://buket_name.s3.ap-northeast-1.amazonaws.com/material.jpeg,NEW,2024-09-11T22:18:45.828149,2024-07-15T10:47:10.843039
1354,SunnyPlateBakery,779,2247,https://buket_name.s3.ap-northeast-1.amazonaws.com/fine.jpeg,NEW,2023-11-30T12:05:09.828153,2024-06-02T18:32:57.843061
1470,SpicyHouseBistro,42,2257,https://buket_name.s3.ap-northeast-1.amazonaws.com/provide.png,EXISTING,2023-12-15T16:49:48.828158,2024-10-14T19:18:04.843084
1113,CozyHutBakery,763,2084,https://buket_name.s3.ap-northeast-1.amazonaws.com/create.jpeg,PROSPECT,2024-05-18T14:32:36.828162,2024-03-28T08:49:45.843106
1862,SunnyHutEatery,780,2767,https://buket_name.s3.ap-northeast-1.amazonaws.com/be.png,PROSPECT,2024-05-02T20:17:20.828166,2024-06-01T20:26:00.843129
1122,RusticSpotEatery,175,2366,https://buket_name.s3.ap-northeast-1.amazonaws.com/none.bmp,EXISTING,2024-01-13T02:51:57.828171,2024-04-30T05:26:34.843154
1490,SpicyLoungeGrill,650,2331,https://buket_name.s3.ap-northeast-1.amazonaws.com/foot.png,NEW,2024-08-21T12:26:03.828175,2024-03-08T12:50:35.843187
1523,CharmingCornerBakery,513,2322,https://buket_name.s3.ap-northeast-1.amazonaws.com/however.gif,NEW,2024-11-16T10:51:53.828179,2024-09-30T04:42:47.843209
1866,CharmingPlateKitchen,897,2782,https://buket_name.s3.ap-northeast-1.amazonaws.com/young.gif,PROSPECT,2024-02-29T16:15:20.828184,2024-08-21T01:56:13.843232
1093,CozyCornerBar,2,2625,https://buket_name.s3.ap-northeast-1.amazonaws.com/summer.gif,NEW,2024-05-01T02:46:25.828188,2024-07-22T11:43:09.843254
1586,CharmingLoungeBar,653,2939,https://buket_name.s3.ap-northeast-1.amazonaws.com/four.gif,PROSPECT,2024-03-10T22:29:50.828192,2024-08-25T18:45:04.843276
1041,DeliciousCornerKitchen,381,2662,https://buket_name.s3.ap-northeast-1.amazonaws.com/eight.png,EXISTING,2024-03-07T22:50:18.828197,2024-05-10T23:32:28.843298
1085,RusticCornerKitchen,114,2779,https://buket_name.s3.ap-northeast-1.amazonaws.com/somebody.gif,EXISTING,2024-08-09T10:53:21.828201,2024-09-03T19:45:59.843321
1386,SunnyCornerBistro,240,2473,https://buket_name.s3.ap-northeast-1.amazonaws.com/film.gif,NEW,2024-02-19T12:32:14.828206,2024-07-27T01:27:26.843345
1803,SunnyLoungeBar,774,2976,https://buket_name.s3.ap-northeast-1.amazonaws.com/kind.jpeg,EXISTING,2024-04-23T16:46:44.828210,2024-02-24T03:30:56.843367
1547,GoldenTableCafe,731,2974,https://buket_name.s3.ap-northeast-1.amazonaws.com/any.tiff,PROSPECT,2024-02-13T07:01:02.828214,2023-12-17T14:53:44.843390
1058,CharmingHouseBakery,93,2739,https://buket_name.s3.ap-northeast-1.amazonaws.com/plant.gif,EXISTING,2024-06-29T01:43:16.828218,2024-10-08T10:02:47.843412
1460,CozyGardenGrill,69,2841,https://buket_name.s3.ap-northeast-1.amazonaws.com/indeed.bmp,NEW,2024-10-27T00:04:21.828223,2024-08-05T14:48:03.843434
1718,RusticSpotCafe,395,2857,https://buket_name.s3.ap-northeast-1.amazonaws.com/scientist.bmp,PROSPECT,2024-05-12T04:07:31.828227,2024-04-02T11:00:53.843457
1475,CozyHouseCafe,536,2425,https://buket_name.s3.ap-northeast-1.amazonaws.com/cause.bmp,NEW,2024-10-29T03:27:38.828231,2024-01-09T07:24:27.843479
1165,RusticHutBakery,815,2286,https://buket_name.s3.ap-northeast-1.amazonaws.com/firm.jpg,NEW,2024-04-13T03:04:40.828236,2024-09-09T03:43:03.843502
1545,SpicyGardenCafe,162,2250,https://buket_name.s3.ap-northeast-1.amazonaws.com/keep.png,EXISTING,2024-11-14T14:37:34.828241,2024-01-03T19:16:32.843526
1764,DeliciousLoungeBistro,343,2809,https://buket_name.s3.ap-northeast-1.amazonaws.com/with.tiff,NEW,2023-12-15T12:17:25.828245,2024-04-11T16:10:08.843548
1408,RusticCornerGrill,62,2667,https://buket_name.s3.ap-northeast-1.amazonaws.com/perhaps.gif,PROSPECT,2024-05-03T00:05:22.828267,2024-09-03T15:08:57.843571
1985,RusticLoungeDiner,324,2906,https://buket_name.s3.ap-northeast-1.amazonaws.com/fire.jpg,PROSPECT,2024-09-12T04:10:00.828271,2023-12-08T05:32:56.843594
1074,GoldenPlateBistro,498,2639,https://buket_name.s3.ap-northeast-1.amazonaws.com/hear.tiff,NEW,2024-09-02T09:15:42.828275,2023-12-09T03:42:29.843616
1999,CozyHouseBakery,922,2689,https://buket_name.s3.ap-northeast-1.amazonaws.com/energy.bmp,NEW,2024-02-21T01:24:40.828280,2024-02-26T20:35:38.843640
1925,GoldenSpotEatery,726,2681,https://buket_name.s3.ap-northeast-1.amazonaws.com/project.jpg,NEW,2023-12-04T21:28:43.828284,2024-10-24T01:15:33.843662
1358,CharmingSpotEatery,160,2553,https://buket_name.s3.ap-northeast-1.amazonaws.com/public.jpeg,EXISTING,2023-12-07T22:37:40.828289,2024-05-09T11:50:53.843685
1039,SunnyPlateDiner,235,2649,https://buket_name.s3.ap-northeast-1.amazonaws.com/article.png,EXISTING,2024-07-28T19:16:34.828293,2024-04-06T02:39:31.843707
1486,SpicyHouseBistro,742,2638,https://buket_name.s3.ap-northeast-1.amazonaws.com/issue.jpg,EXISTING,2024-05-27T14:24:26.828298,2024-07-22T01:58:45.843729
1915,CozyGardenDiner,654,2615,https://buket_name.s3.ap-northeast-1.amazonaws.com/key.bmp,PROSPECT,2024-06-12T22:07:07.828302,2024-01-16T05:25:30.843774
1589,SunnyTableKitchen,479,2041,https://buket_name.s3.ap-northeast-1.amazonaws.com/wear.tiff,EXISTING,2024-08-09T04:47:33.828307,2023-12-28T05:22:07.843798
1630,CozyTableBistro,813,2584,https://buket_name.s3.ap-northeast-1.amazonaws.com/let.jpeg,NEW,2023-12-14T15:10:18.828311,2024-05-19T01:15:19.843821
1546,GoldenPlateGrill,328,2804,https://buket_name.s3.ap-northeast-1.amazonaws.com/hot.gif,EXISTING,2024-06-14T09:28:48.828316,2024-09-07T23:36:25.843844
1170,SunnyCornerEatery,196,2447,https://buket_name.s3.ap-northeast-1.amazonaws.com/market.jpeg,PROSPECT,2024-04-28T18:30:57.828320,2023-12-27T19:07:55.843868
1438,SunnySpotBar,37,2783,https://buket_name.s3.ap-northeast-1.amazonaws.com/crime.bmp,PROSPECT,2024-05-04T07:20:12.828325,2023-12-14T17:16:34.843891
1608,RusticHutKitchen,959,2558,https://buket_name.s3.ap-northeast-1.amazonaws.com/factor.bmp,EXISTING,2024-07-31T19:15:12.828329,2024-02-29T05:58:49.843914
1328,GoldenLoungeDiner,665,2828,https://buket_name.s3.ap-northeast-1.amazonaws.com/open.bmp,NEW,2024-09-04T22:42:27.828334,2024-06-02T21:48:38.843938
1400,DeliciousTableBar,978,2694,https://buket_name.s3.ap-northeast-1.amazonaws.com/rise.png,EXISTING,2023-12-12T07:57:13.828338,2024-04-11T15:44:23.843961
1373,RusticTableDiner,872,2523,https://buket_name.s3.ap-northeast-1.amazonaws.com/stuff.gif,NEW,2024-01-20T03:53:55.828343,2024-11-07T14:44:53.843983
1372,GoldenTableGrill,204,2411,https://buket_name.s3.ap-northeast-1.amazonaws.com/like.tiff,EXISTING,2023-12-02T12:15:43.828347,2024-01-28T21:24:35.844006
1659,CharmingSpotGrill,317,2266,https://buket_name.s3.ap-northeast-1.amazonaws.com/crime.jpg,PROSPECT,2024-01-19T19:03:24.828352,2024-01-03T18:38:04.844029
1121,CharmingSpotEatery,485,2207,https://buket_name.s3.ap-northeast-1.amazonaws.com/lay.jpg,NEW,2024-02-06T22:55:18.828356,2024-10-25T14:35:44.844052
1272,DeliciousLoungeCafe,590,2814,https://buket_name.s3.ap-northeast-1.amazonaws.com/end.gif,NEW,2024-08-27T04:37:14.828360,2024-02-20T17:47:49.844074
1536,SunnyCornerKitchen,254,2225,https://buket_name.s3.ap-northeast-1.amazonaws.com/grow.jpg,EXISTING,2024-10-30T13:27:00.828365,2024-02-11T16:38:15.844097
1466,SunnyPlateBakery,677,2439,https://buket_name.s3.ap-northeast-1.amazonaws.com/change.png,PROSPECT,2023-12-17T15:15:40.828369,2024-01-06T06:25:16.844119
1833,CozyLoungeEatery,222,2037,https://buket_name.s3.ap-northeast-1.amazonaws.com/maintain.jpeg,EXISTING,2024-10-28T03:22:22.828373,2024-01-24T12:35:37.844142
1501,CharmingPlateBakery,645,2082,https://buket_name.s3.ap-northeast-1.amazonaws.com/public.tiff,EXISTING,2024-08-12T09:42:34.828378,2024-10-19T15:49:39.844163
1587,GoldenCornerEatery,705,2963,https://buket_name.s3.ap-northeast-1.amazonaws.com/meeting.bmp,NEW,2024-03-29T15:57:54.828382,2024-11-03T11:08:11.844186
1622,GoldenHouseBar,218,2600,https://buket_name.s3.ap-northeast-1.amazonaws.com/financial.gif,NEW,2024-08-07T08:20:17.828386,2024-08-18T00:41:12.844208
1387,SpicyTableEatery,800,2900,https://buket_name.s3.ap-northeast-1.amazonaws.com/then.bmp,NEW,2024-03-26T19:28:48.828391,2024-06-05T05:13:38.844231
1039,GoldenLoungeGrill,608,2529,https://buket_name.s3.ap-northeast-1.amazonaws.com/list.tiff,PROSPECT,2024-05-29T21:38:31.828395,2024-07-31T16:05:34.844254
1972,SpicyLoungeBar,67,2501,https://buket_name.s3.ap-northeast-1.amazonaws.com/maintain.png,EXISTING,2023-12-24T04:21:34.828400,2024-05-14T12:38:00.844277
1806,GoldenLoungeDiner,743,2875,https://buket_name.s3.ap-northeast-1.amazonaws.com/discover.bmp,PROSPECT,2024-07-30T15:49:28.828404,2024-07-21T14:37:20.844300
1438,DeliciousLoungeEatery,475,2396,https://buket_name.s3.ap-northeast-1.amazonaws.com/building.jpeg,NEW,2024-11-08T09:11:16.828408,2024-01-06T16:58:44.844322
1752,SunnyHutBistro,531,2652,https://buket_name.s3.ap-northeast-1.amazonaws.com/fish.tiff,EXISTING,2024-06-14T09:51:02.828413,2024-01-08T17:58:04.844345
1024,GoldenTableCafe,646,2848,https://buket_name.s3.ap-northeast-1.amazonaws.com/politics.png,EXISTING,2024-08-30T22:29:41.828417,2024-01-25T09:16:32.844367
1612,RusticHutGrill,319,2115,https://buket_name.s3.ap-northeast-1.amazonaws.com/language.gif,PROSPECT,2023-12-22T07:59:11.828422,2024-09-14T01:23:48.844400
1564,CharmingGardenKitchen,601,2451,https://buket_name.s3.ap-northeast-1.amazonaws.com/society.tiff,PROSPECT,2024-08-20T04:52:19.828426,2024-03-19T03:24:28.844423
1771,GoldenLoungeBistro,965,2936,https://buket_name.s3.ap-northeast-1.amazonaws.com/best.jpg,NEW,2024-10-22T23:18:50.828431,2024-06-05T16:49:48.844446
1633,CozyPlateKitchen,68,2639,https://buket_name.s3.ap-northeast-1.amazonaws.com/modern.tiff,NEW,2024-01-08T07:34:24.828435,2024-11-17T04:16:25.844470
1253,SpicyPlateKitchen,218,2315,https://buket_name.s3.ap-northeast-1.amazonaws.com/of.gif,EXISTING,2024-11-22T01:55:55.828439,2024-04-04T21:58:15.844493
1947,SpicyHutBar,330,2348,https://buket_name.s3.ap-northeast-1.amazonaws.com/far.jpg,EXISTING,2024-04-13T04:56:03.828444,2024-09-29T22:39:26.844516
1921,GoldenCornerDiner,660,2326,https://buket_name.s3.ap-northeast-1.amazonaws.com/age.tiff,NEW,2024-02-14T07:19:42.828448,2024-03-23T10:59:54.844539
1939,SunnyPlateCafe,611,2946,https://buket_name.s3.ap-northeast-1.amazonaws.com/expect.bmp,EXISTING,2024-05-19T08:03:41.828453,2024-02-16T07:50:22.844562
1894,CozySpotEatery,897,2994,https://buket_name.s3.ap-northeast-1.amazonaws.com/amount.tiff,NEW,2024-04-01T04:15:47.828457,2024-04-12T20:00:59.844585
1707,CharmingPlateGrill,907,2526,https://buket_name.s3.ap-northeast-1.amazonaws.com/establish.bmp,NEW,2024-02-11T18:26:23.828461,2024-10-19T22:31:35.844608
1772,SunnyPlateBar,21,2139,https://buket_name.s3.ap-northeast-1.amazonaws.com/never.jpg,PROSPECT,2024-10-14T15:11:13.828466,2024-03-13T06:19:10.844631
1061,DeliciousPlateDiner,467,2642,https://buket_name.s3.ap-northeast-1.amazonaws.com/see.png,NEW,2024-11-22T14:49:55.828470,2024-03-30T22:39:01.844655
1298,DeliciousCornerKitchen,877,2576,https://buket_name.s3.ap-northeast-1.amazonaws.com/light.jpg,NEW,2024-03-30T15:48:25.828490,2023-12-21T21:31:42.844678
1649,CharmingCornerBistro,851,2940,https://buket_name.s3.ap-northeast-1.amazonaws.com/skin.bmp,NEW,2024-07-12T22:14:30.828495,2024-10-29T00:29:34.844700
1946,CharmingGardenGrill,503,2086,https://buket_name.s3.ap-northeast-1.amazonaws.com/health.jpeg,EXISTING,2024-10-27T02:52:37.828499,2024-06-05T03:37:24.844724
1646,CozyLoungeEatery,81,2833,https://buket_name.s3.ap-northeast-1.amazonaws.com/try.jpeg,EXISTING,2024-07-04T16:11:17.828503,2024-01-25T06:06:57.844748
1235,DeliciousHutDiner,173,2248,https://buket_name.s3.ap-northeast-1.amazonaws.com/when.tiff,PROSPECT,2024-10-23T17:22:38.828508,2024-10-23T18:37:05.844777
1356,SpicyLoungeKitchen,37,2677,https://buket_name.s3.ap-northeast-1.amazonaws.com/physical.gif,EXISTING,2024-02-17T11:08:46.828512,2024-06-10T11:50:03.844799
1325,DeliciousHutEatery,574,2581,https://buket_name.s3.ap-northeast-1.amazonaws.com/also.bmp,PROSPECT,2024-08-23T17:32:46.828517,2024-01-13T23:05:51.844822
1135,SunnyHutEatery,366,2635,https://buket_name.s3.ap-northeast-1.amazonaws.com/structure.bmp,NEW,2024-03-15T14:46:01.828521,2024-10-03T13:26:45.844844
1344,RusticGardenDiner,764,2218,https://buket_name.s3.ap-northeast-1.amazonaws.com/focus.jpeg,PROSPECT,2023-12-01T23:51:36.828526,2024-04-15T13:58:22.844867
1532,GoldenSpotBakery,774,2721,https://buket_name.s3.ap-northeast-1.amazonaws.com/grow.png,PROSPECT,2024-02-21T06:52:49.828530,2024-07-22T00:11:59.844889
1588,RusticPlateBakery,298,2176,https://buket_name.s3.ap-northeast-1.amazonaws.com/next.bmp,NEW,2024-01-30T03:39:42.828534,2024-01-30T22:45:45.844911
1953,CharmingGardenEatery,566,2030,https://buket_name.s3.ap-northeast-1.amazonaws.com/vote.gif,PROSPECT,2024-11-06T20:01:42.828539,2024-07-12T11:33:18.844943
1150,CozyCornerKitchen,124,2084,https://buket_name.s3.ap-northeast-1.amazonaws.com/author.gif,NEW,2024-02-29T16:25:41.828543,2024-02-17T15:29:34.844965
1990,CharmingCornerGrill,815,2959,https://buket_name.s3.ap-northeast-1.amazonaws.com/traditional.jpg,PROSPECT,2024-01-01T16:19:59.828547,2024-02-06T12:18:10.844988
1255,DeliciousCornerKitchen,436,2298,https://buket_name.s3.ap-northeast-1.amazonaws.com/fear.jpeg,PROSPECT,2024-09-27T18:09:14.828552,2024-03-01T06:32:39.845012
1890,GoldenHutKitchen,131,2692,https://buket_name.s3.ap-northeast-1.amazonaws.com/center.png,PROSPECT,2024-09-10T12:51:33.828557,2024-02-17T04:04:52.845037
1934,RusticSpotBar,966,2180,https://buket_name.s3.ap-northeast-1.amazonaws.com/necessary.png,EXISTING,2024-07-17T16:53:06.828561,2024-08-03T19:29:57.845060
1431,CozyHutEatery,503,2247,https://buket_name.s3.ap-northeast-1.amazonaws.com/develop.tiff,PROSPECT,2023-11-27T15:57:57.828566,2024-11-14T15:36:24.845083
1740,RusticLoungeBistro,346,2580,https://buket_name.s3.ap-northeast-1.amazonaws.com/book.png,PROSPECT,2024-11-09T05:23:11.828570,2024-03-18T05:52:03.845105
1041,SunnyHouseBistro,333,2260,https://buket_name.s3.ap-northeast-1.amazonaws.com/protect.jpg,NEW,2024-10-03T21:49:06.828575,2024-07-29T12:35:36.845128
1435,SpicySpotBar,934,2649,https://buket_name.s3.ap-northeast-1.amazonaws.com/international.png,NEW,2024-06-28T03:16:46.828579,2024-09-26T17:58:29.845152
1848,DeliciousHutEatery,427,2720,https://buket_name.s3.ap-northeast-1.amazonaws.com/start.tiff,EXISTING,2024-06-17T07:29:48.828584,2024-01-05T10:29:26.845174
1305,SpicyHouseBakery,645,2589,https://buket_name.s3.ap-northeast-1.amazonaws.com/final.jpeg,NEW,2024-05-01T15:31:50.828588,2024-08-24T13:00:54.845199
1984,CozyTableEatery,892,2184,https://buket_name.s3.ap-northeast-1.amazonaws.com/hot.jpg,PROSPECT,2024-03-20T17:41:55.828593,2024-08-02T03:35:36.845222
1358,SpicyLoungeDiner,250,2386,https://buket_name.s3.ap-northeast-1.amazonaws.com/production.png,PROSPECT,2024-03-11T00:44:37.828597,2024-05-19T06:16:50.845245
1434,RusticPlateBakery,139,2043,https://buket_name.s3.ap-northeast-1.amazonaws.com/close.gif,PROSPECT,2024-09-23T10:13:10.828601,2024-03-05T01:06:04.845267
1574,SunnySpotCafe,927,2566,https://buket_name.s3.ap-northeast-1.amazonaws.com/same.bmp,PROSPECT,2024-11-01T21:29:16.828606,2024-05-16T16:39:07.845289
1480,CozySpotBar,728,2335,https://buket_name.s3.ap-northeast-1.amazonaws.com/I.bmp,PROSPECT,2024-07-09T14:22:54.828610,2024-09-15T03:15:45.845311
1679,SunnySpotBistro,471,2315,https://buket_name.s3.ap-northeast-1.amazonaws.com/perhaps.jpg,PROSPECT,2024-03-30T08:33:11.828614,2024-05-11T12:10:20.845333
1518,CozyCornerGrill,869,2660,https://buket_name.s3.ap-northeast-1.amazonaws.com/chair.jpg,EXISTING,2024-03-02T03:39:23.828619,2024-04-28T08:58:33.845355
1913,RusticCornerEatery,335,2154,https://buket_name.s3.ap-northeast-1.amazonaws.com/relate.png,NEW,2024-01-06T08:59:22.828623,2024-04-04T14:40:06.845377
1649,CozyCornerCafe,471,2711,https://buket_name.s3.ap-northeast-1.amazonaws.com/health.jpeg,EXISTING,2024-06-22T15:29:40.828628,2024-07-12T06:42:31.845399
1682,CozyTableKitchen,746,2268,https://buket_name.s3.ap-northeast-1.amazonaws.com/material.tiff,NEW,2024-05-01T13:06:38.828632,2024-04-11T13:29:14.845422
1065,SunnyGardenGrill,628,2983,https://buket_name.s3.ap-northeast-1.amazonaws.com/just.tiff,EXISTING,2024-06-19T19:20:42.828636,2024-09-08T00:40:21.845446
1590,SunnyHutBakery,373,2860,https://buket_name.s3.ap-northeast-1.amazonaws.com/me.gif,NEW,2023-11-27T13:21:31.828641,2024-04-18T13:08:21.845468
1492,DeliciousCornerBistro,177,2468,https://buket_name.s3.ap-northeast-1.amazonaws.com/run.jpg,NEW,2024-03-19T20:00:46.828647,2024-05-27T15:41:10.845489
1746,SunnyGardenBar,343,2483,https://buket_name.s3.ap-northeast-1.amazonaws.com/friend.png,EXISTING,2024-04-12T16:12:17.828651,2024-05-18T12:59:22.845511
1336,SpicyLoungeKitchen,741,2935,https://buket_name.s3.ap-northeast-1.amazonaws.com/reach.jpg,PROSPECT,2024-09-17T22:34:37.828656,2024-02-16T16:56:49.845534
1179,CharmingSpotKitchen,145,2797,https://buket_name.s3.ap-northeast-1.amazonaws.com/life.bmp,PROSPECT,2024-01-02T09:04:25.828660,2024-05-09T21:08:50.845557
1595,DeliciousGardenBistro,279,2614,https://buket_name.s3.ap-northeast-1.amazonaws.com/character.jpeg,PROSPECT,2024-06-04T12:58:38.828665,2024-11-04T05:34:28.845579
1808,SpicyGardenDiner,509,2418,https://buket_name.s3.ap-northeast-1.amazonaws.com/mission.tiff,EXISTING,2024-07-15T19:50:55.828669,2024-04-19T02:44:31.845602
1535,DeliciousSpotBistro,259,2151,https://buket_name.s3.ap-northeast-1.amazonaws.com/very.bmp,EXISTING,2024-10-18T17:14:24.828673,2023-12-27T21:25:13.845624
1620,DeliciousTableDiner,160,2711,https://buket_name.s3.ap-northeast-1.amazonaws.com/dinner.png,PROSPECT,2024-05-27T07:23:02.828678,2024-06-03T18:26:29.845647
1074,SunnyPlateBistro,342,2985,https://buket_name.s3.ap-northeast-1.amazonaws.com/hear.bmp,EXISTING,2024-10-23T19:48:35.828682,2024-01-15T21:35:51.845668
1280,SunnyGardenKitchen,411,2497,https://buket_name.s3.ap-northeast-1.amazonaws.com/include.jpg,EXISTING,2024-05-19T15:31:09.828686,2024-09-17T05:16:06.845692
1007,SpicyHouseBar,144,2683,https://buket_name.s3.ap-northeast-1.amazonaws.com/throughout.bmp,NEW,2024-08-20T15:02:09.828691,2024-10-13T22:10:39.845717
1923,SunnyHutDiner,334,2491,https://buket_name.s3.ap-northeast-1.amazonaws.com/audience.png,EXISTING,2024-10-19T06:19:04.828695,2024-05-11T08:03:39.845739
1436,DeliciousCornerBakery,876,2060,https://buket_name.s3.ap-northeast-1.amazonaws.com/trial.tiff,PROSPECT,2024-02-03T17:12:51.828699,2024-04-26T12:44:42.845763
1472,CharmingTableBakery,520,2959,https://buket_name.s3.ap-northeast-1.amazonaws.com/rich.bmp,NEW,2024-10-27T04:10:46.828704,2024-07-08T23:04:07.845787
1368,RusticSpotCafe,482,2770,https://buket_name.s3.ap-northeast-1.amazonaws.com/window.tiff,EXISTING,2024-06-09T17:03:27.828708,2024-09-06T03:50:27.845809
1014,SpicyHouseBakery,348,2274,https://buket_name.s3.ap-northeast-1.amazonaws.com/indicate.tiff,EXISTING,2024-11-08T08:13:59.828713,2024-09-15T11:54:06.845832
1779,DeliciousHouseDiner,774,2332,https://buket_name.s3.ap-northeast-1.amazonaws.com/herself.bmp,PROSPECT,2024-04-20T00:48:14.828717,2023-12-16T01:42:16.845854
1591,DeliciousHouseKitchen,766,2580,https://buket_name.s3.ap-northeast-1.amazonaws.com/business.bmp,EXISTING,2024-09-10T08:17:11.828722,2024-09-20T00:45:31.845886
1619,CozyGardenKitchen,476,2988,https://buket_name.s3.ap-northeast-1.amazonaws.com/about.png,EXISTING,2023-12-23T03:05:04.828726,2024-01-15T15:51:28.845910
1877,GoldenGardenBistro,792,2330,https://buket_name.s3.ap-northeast-1.amazonaws.com/TV.jpeg,NEW,2024-09-23T14:41:29.828730,2024-03-15T04:22:41.845932
1376,SpicyGardenCafe,459,2104,https://buket_name.s3.ap-northeast-1.amazonaws.com/scene.tiff,PROSPECT,2024-02-28T06:16:29.828735,2024-09-11T20:03:41.845955
1144,GoldenGardenEatery,763,2227,https://buket_name.s3.ap-northeast-1.amazonaws.com/short.jpeg,NEW,2024-11-08T19:53:56.828739,2024-09-22T18:28:52.845978
1569,SunnyHouseEatery,274,2042,https://buket_name.s3.ap-northeast-1.amazonaws.com/chance.gif,NEW,2024-01-31T20:29:16.828743,2024-08-13T13:51:56.846000
1640,GoldenGardenEatery,361,2819,https://buket_name.s3.ap-northeast-1.amazonaws.com/field.png,NEW,2024-07-28T20:46:47.828748,2024-01-04T03:33:14.846023
1071,DeliciousGardenKitchen,754,2384,https://buket_name.s3.ap-northeast-1.amazonaws.com/book.gif,NEW,2024-05-05T09:56:08.828752,2024-06-20T21:56:11.846045
1472,GoldenTableBar,196,2498,https://buket_name.s3.ap-northeast-1.amazonaws.com/magazine.jpg,NEW,2024-03-14T07:15:29.828757,2024-03-02T17:53:37.846067
1925,CozyLoungeBakery,440,2704,https://buket_name.s3.ap-northeast-1.amazonaws.com/give.tiff,EXISTING,2024-05-12T23:42:50.828761,2024-09-15T10:04:18.846091
1735,GoldenGardenGrill,558,2440,https://buket_name.s3.ap-northeast-1.amazonaws.com/concern.jpg,EXISTING,2024-11-03T23:14:21.828766,2024-10-06T01:17:42.846115
1495,DeliciousGardenDiner,468,2550,https://buket_name.s3.ap-northeast-1.amazonaws.com/know.jpeg,PROSPECT,2024-08-28T15:38:48.828770,2024-08-08T22:45:35.846136
1160,CharmingHutEatery,446,2661,https://buket_name.s3.ap-northeast-1.amazonaws.com/watch.tiff,PROSPECT,2024-01-13T00:40:42.828775,2024-09-26T20:20:06.846159
1895,CharmingLoungeEatery,604,2384,https://buket_name.s3.ap-northeast-1.amazonaws.com/learn.tiff,NEW,2024-03-28T13:11:54.828779,2024-08-09T19:26:04.846181
1734,CharmingLoungeDiner,608,2542,https://buket_name.s3.ap-northeast-1.amazonaws.com/line.gif,PROSPECT,2024-03-26T02:52:30.828784,2024-02-17T23:18:24.846203
1454,CozyHutDiner,96,2774,https://buket_name.s3.ap-northeast-1.amazonaws.com/choose.tiff,PROSPECT,2024-07-31T04:23:13.828788,2024-03-05T15:01:26.846226
1606,GoldenPlateDiner,753,2621,https://buket_name.s3.ap-northeast-1.amazonaws.com/four.png,NEW,2024-04-25T02:30:58.828793,2024-07-19T12:25:43.846249
1861,SpicyCornerBistro,924,2278,https://buket_name.s3.ap-northeast-1.amazonaws.com/detail.gif,PROSPECT,2024-08-26T00:51:27.828797,2024-05-12T06:25:58.846271
1323,RusticSpotKitchen,204,2871,https://buket_name.s3.ap-northeast-1.amazonaws.com/life.gif,EXISTING,2024-04-24T21:44:12.828802,2024-07-06T04:48:51.846295
1669,DeliciousHouseDiner,870,2241,https://buket_name.s3.ap-northeast-1.amazonaws.com/strategy.jpeg,NEW,2024-10-20T14:27:49.828806,2024-03-03T04:13:17.846318
1702,CharmingSpotBistro,325,2254,https://buket_name.s3.ap-northeast-1.amazonaws.com/late.jpg,EXISTING,2024-03-16T01:07:25.828811,2023-11-30T01:53:52.846340
1484,RusticSpotDiner,961,2291,https://buket_name.s3.ap-northeast-1.amazonaws.com/improve.jpg,EXISTING,2024-09-05T01:37:43.828815,2024-04-08T06:23:52.846366
1516,RusticPlateBistro,992,2542,https://buket_name.s3.ap-northeast-1.amazonaws.com/discussion.tiff,EXISTING,2024-06-11T22:59:12.828819,2024-08-02T02:24:59.846389
1106,CharmingSpotBakery,34,2523,https://buket_name.s3.ap-northeast-1.amazonaws.com/leg.gif,NEW,2024-05-02T08:00:25.828824,2023-12-06T23:36:26.846411
1569,RusticTableBar,811,2766,https://buket_name.s3.ap-northeast-1.amazonaws.com/peace.gif,PROSPECT,2024-06-09T23:01:34.828828,2024-06-04T12:38:37.846435
1248,SunnyLoungeCafe,55,2622,https://buket_name.s3.ap-northeast-1.amazonaws.com/appear.tiff,NEW,2024-06-16T14:26:38.828832,2024-03-10T05:57:04.846459
1406,GoldenLoungeBistro,984,2725,https://buket_name.s3.ap-northeast-1.amazonaws.com/along.jpg,PROSPECT,2024-01-11T11:15:34.828837,2024-06-05T00:38:07.846482
1714,CozyCornerBistro,801,2485,https://buket_name.s3.ap-northeast-1.amazonaws.com/property.gif,PROSPECT,2024-03-08T14:49:26.828850,2024-09-21T12:44:33.846507
1724,GoldenTableEatery,177,2292,https://buket_name.s3.ap-northeast-1.amazonaws.com/truth.bmp,PROSPECT,2024-10-17T03:26:44.828855,2024-11-23T06:16:49.846530
1628,SpicySpotKitchen,612,2404,https://buket_name.s3.ap-northeast-1.amazonaws.com/himself.gif,EXISTING,2024-09-15T06:37:57.828859,2024-09-13T12:52:01.846555
1564,SpicyPlateBistro,983,2514,https://buket_name.s3.ap-northeast-1.amazonaws.com/situation.bmp,NEW,2024-01-17T11:25:39.828864,2024-06-09T20:25:01.846578
1932,GoldenCornerKitchen,589,2237,https://buket_name.s3.ap-northeast-1.amazonaws.com/research.tiff,NEW,2024-02-04T18:30:35.828868,2024-11-26T08:00:15.846602
1305,CozyGardenKitchen,640,2060,https://buket_name.s3.ap-northeast-1.amazonaws.com/early.gif,PROSPECT,2024-02-27T19:11:19.828872,2024-03-17T21:32:23.846624
1029,CozySpotGrill,587,2996,https://buket_name.s3.ap-northeast-1.amazonaws.com/finish.png,PROSPECT,2024-03-14T00:21:16.828877,2024-10-23T01:10:15.846646
1431,CharmingGardenKitchen,279,2320,https://buket_name.s3.ap-northeast-1.amazonaws.com/before.png,PROSPECT,2024-03-03T04:13:03.828882,2024-05-20T20:24:00.846668
1975,DeliciousHutBakery,594,2283,https://buket_name.s3.ap-northeast-1.amazonaws.com/trouble.tiff,PROSPECT,2024-07-12T12:36:15.828886,2024-09-28T01:36:30.846691
1905,CozyTableBistro,225,2414,https://buket_name.s3.ap-northeast-1.amazonaws.com/society.png,NEW,2024-08-04T06:22:30.828890,2024-02-19T14:50:15.846714
1308,GoldenLoungeKitchen,939,3000,https://buket_name.s3.ap-northeast-1.amazonaws.com/spend.jpeg,NEW,2023-12-07T05:33:18.828895,2024-01-10T01:08:49.846736
1303,CozyPlateCafe,31,2072,https://buket_name.s3.ap-northeast-1.amazonaws.com/its.jpeg,PROSPECT,2024-09-15T00:50:10.828900,2024-03-17T14:41:33.846759
1341,GoldenTableKitchen,366,2900,https://buket_name.s3.ap-northeast-1.amazonaws.com/arm.jpg,EXISTING,2024-09-01T02:06:50.828904,2024-10-19T09:36:33.846780
1834,GoldenGardenBistro,646,2956,https://buket_name.s3.ap-northeast-1.amazonaws.com/same.tiff,PROSPECT,2024-08-10T13:31:03.828908,2024-06-17T12:01:20.846805
1064,CozyPlateGrill,411,2040,https://buket_name.s3.ap-northeast-1.amazonaws.com/reduce.png,NEW,2024-11-02T18:55:15.828913,2024-03-07T16:05:22.846827
1715,DeliciousSpotDiner,425,2573,https://buket_name.s3.ap-northeast-1.amazonaws.com/officer.tiff,NEW,2024-02-03T14:12:54.828917,2024-07-11T04:37:55.846850
1029,GoldenLoungeCafe,538,2304,https://buket_name.s3.ap-northeast-1.amazonaws.com/world.tiff,NEW,2024-09-15T19:09:07.828922,2024-03-12T12:30:05.846873
1630,GoldenHutBar,114,2277,https://buket_name.s3.ap-northeast-1.amazonaws.com/partner.jpg,NEW,2024-03-13T11:29:23.828926,2024-08-12T13:02:10.846895
1409,CozyCornerBar,875,2171,https://buket_name.s3.ap-northeast-1.amazonaws.com/might.jpg,NEW,2024-10-31T00:52:40.828930,2024-05-21T03:44:41.846919
1916,RusticHouseDiner,542,2792,https://buket_name.s3.ap-northeast-1.amazonaws.com/sea.jpeg,NEW,2024-11-10T00:07:23.828935,2024-08-25T10:51:34.846941
1419,CozyPlateCafe,387,2752,https://buket_name.s3.ap-northeast-1.amazonaws.com/dinner.jpg,PROSPECT,2023-12-12T09:33:38.828939,2023-12-11T21:07:24.846963
1191,SpicyHouseDiner,767,2358,https://buket_name.s3.ap-northeast-1.amazonaws.com/exactly.jpeg,EXISTING,2024-09-07T22:08:35.828943,2023-12-07T17:12:48.846984
1210,GoldenPlateBar,294,2032,https://buket_name.s3.ap-northeast-1.amazonaws.com/animal.bmp,EXISTING,2024-04-02T05:58:06.828948,2024-04-27T04:21:14.847007
1808,DeliciousSpotKitchen,682,2970,https://buket_name.s3.ap-northeast-1.amazonaws.com/commercial.bmp,PROSPECT,2024-02-08T08:01:44.828952,2024-11-11T13:46:16.847030
1142,RusticCornerKitchen,40,2045,https://buket_name.s3.ap-northeast-1.amazonaws.com/about.jpeg,NEW,2024-07-19T07:33:51.828956,2023-12-30T23:38:27.847052
1340,GoldenHouseDiner,18,2830,https://buket_name.s3.ap-northeast-1.amazonaws.com/real.jpeg,EXISTING,2024-01-01T11:08:41.828961,2024-01-01T01:31:23.847073
1798,DeliciousCornerGrill,747,2526,https://buket_name.s3.ap-northeast-1.amazonaws.com/challenge.bmp,PROSPECT,2024-10-25T02:18:08.828965,2024-05-29T04:50:03.847096
1340,CharmingPlateKitchen,638,2720,https://buket_name.s3.ap-northeast-1.amazonaws.com/stop.bmp,NEW,2024-04-27T16:36:55.828970,2024-10-15T10:44:12.847118
1661,SunnyPlateKitchen,268,2370,https://buket_name.s3.ap-northeast-1.amazonaws.com/response.jpg,NEW,2024-10-26T02:17:52.828974,2023-12-05T16:05:10.847141
1451,DeliciousSpotKitchen,933,2134,https://buket_name.s3.ap-northeast-1.amazonaws.com/politics.gif,PROSPECT,2024-03-16T22:32:31.828978,2024-09-17T05:25:15.847164
1194,DeliciousLoungeGrill,944,2612,https://buket_name.s3.ap-northeast-1.amazonaws.com/open.jpg,EXISTING,2024-04-20T23:37:49.828982,2024-07-11T23:45:52.847188
1322,DeliciousCornerGrill,372,2511,https://buket_name.s3.ap-northeast-1.amazonaws.com/long.gif,NEW,2024-11-26T02:39:25.828986,2024-02-18T02:14:08.847212
1312,SunnyTableBar,584,2168,https://buket_name.s3.ap-northeast-1.amazonaws.com/group.gif,EXISTING,2024-09-16T10:27:08.828991,2024-05-29T21:20:44.847236
1260,GoldenHouseEatery,365,2481,https://buket_name.s3.ap-northeast-1.amazonaws.com/blue.png,NEW,2024-09-16T08:25:41.828996,2024-05-26T03:44:26.847259
1278,RusticLoungeBakery,543,2659,https://buket_name.s3.ap-northeast-1.amazonaws.com/use.png,EXISTING,2023-12-28T17:47:22.829000,2024-08-08T11:56:42.847282
1097,DeliciousCornerDiner,343,2286,https://buket_name.s3.ap-northeast-1.amazonaws.com/study.bmp,NEW,2024-05-20T21:40:54.829005,2024-05-29T16:45:04.847307
1540,SunnyPlateDiner,437,2020,https://buket_name.s3.ap-northeast-1.amazonaws.com/future.jpeg,PROSPECT,2024-11-02T16:10:04.829009,2024-02-09T18:49:43.847329
1806,SpicySpotKitchen,574,2784,https://buket_name.s3.ap-northeast-1.amazonaws.com/lose.png,NEW,2024-09-22T22:59:17.829014,2024-02-25T06:20:49.847351
1476,RusticLoungeEatery,715,2059,https://buket_name.s3.ap-northeast-1.amazonaws.com/especially.jpeg,PROSPECT,2023-12-22T09:06:37.829018,2024-04-18T07:38:55.847373
1925,DeliciousSpotGrill,454,2484,https://buket_name.s3.ap-northeast-1.amazonaws.com/nearly.bmp,EXISTING,2024-06-10T08:09:48.829022,2024-01-31T09:39:26.847395
1717,CozyTableEatery,563,2389,https://buket_name.s3.ap-northeast-1.amazonaws.com/customer.bmp,EXISTING,2024-04-26T17:54:17.829027,2023-12-01T19:34:09.847418
1961,GoldenHouseKitchen,648,2513,https://buket_name.s3.ap-northeast-1.amazonaws.com/be.jpeg,EXISTING,2024-11-01T02:08:56.829031,2024-05-30T05:31:03.847440
1350,SunnySpotBar,813,2893,https://buket_name.s3.ap-northeast-1.amazonaws.com/true.gif,PROSPECT,2024-04-28T01:47:35.829036,2024-02-18T10:55:23.847462
1500,CharmingCornerDiner,621,2446,https://buket_name.s3.ap-northeast-1.amazonaws.com/half.png,NEW,2024-04-19T05:58:47.829040,2024-05-07T12:35:36.847487
1272,RusticHouseBistro,53,2853,https://buket_name.s3.ap-northeast-1.amazonaws.com/third.gif,NEW,2024-09-21T20:36:57.829045,2023-12-23T18:09:44.847509
1803,GoldenHutKitchen,363,2341,https://buket_name.s3.ap-northeast-1.amazonaws.com/enter.gif,NEW,2024-05-18T13:23:47.829049,2024-05-02T07:28:40.847531
1211,SunnyLoungeBar,776,2204,https://buket_name.s3.ap-northeast-1.amazonaws.com/shoulder.tiff,NEW,2023-12-22T15:47:50.829053,2024-09-05T08:58:17.847553
1158,RusticHouseEatery,739,2051,https://buket_name.s3.ap-northeast-1.amazonaws.com/fish.tiff,EXISTING,2023-12-16T15:05:00.829058,2024-09-12T14:18:22.847575
1862,DeliciousCornerGrill,719,2559,https://buket_name.s3.ap-northeast-1.amazonaws.com/nation.jpeg,NEW,2024-06-14T10:46:34.829062,2023-12-06T05:57:58.847597
1223,CharmingLoungeGrill,889,2839,https://buket_name.s3.ap-northeast-1.amazonaws.com/environmental.jpg,PROSPECT,2024-09-16T08:45:05.829066,2024-06-11T12:21:36.847620
1167,RusticLoungeBakery,653,2182,https://buket_name.s3.ap-northeast-1.amazonaws.com/guy.jpg,EXISTING,2024-09-18T18:51:17.829071,2024-08-20T16:25:53.847641
1568,CharmingPlateBistro,495,2084,https://buket_name.s3.ap-northeast-1.amazonaws.com/education.tiff,NEW,2023-11-29T14:53:43.829075,2023-12-29T06:20:34.847665
1684,DeliciousCornerBakery,154,2383,https://buket_name.s3.ap-northeast-1.amazonaws.com/follow.bmp,EXISTING,2024-02-29T23:03:01.829079,2023-12-28T17:23:52.847687
1593,DeliciousGardenEatery,859,2498,https://buket_name.s3.ap-northeast-1.amazonaws.com/baby.png,EXISTING,2024-11-16T15:50:44.829084,2024-08-13T12:47:08.847709
1903,CharmingLoungeBar,591,2864,https://buket_name.s3.ap-northeast-1.amazonaws.com/magazine.bmp,EXISTING,2024-09-24T18:13:05.829088,2024-05-13T17:58:09.847732
1997,CozyHouseKitchen,644,2767,https://buket_name.s3.ap-northeast-1.amazonaws.com/shake.jpg,NEW,2024-08-08T00:18:34.829093,2023-11-29T10:10:37.847754
1348,CozyGardenGrill,473,2746,https://buket_name.s3.ap-northeast-1.amazonaws.com/anyone.jpg,EXISTING,2024-03-07T14:55:28.829097,2024-09-27T08:51:20.847776
1892,SpicyHutKitchen,341,2841,https://buket_name.s3.ap-northeast-1.amazonaws.com/minute.jpg,PROSPECT,2024-01-18T11:48:46.829101,2024-02-18T10:47:18.847797
1774,CharmingPlateGrill,27,2505,https://buket_name.s3.ap-northeast-1.amazonaws.com/less.jpg,PROSPECT,2023-12-08T12:16:24.829106,2024-03-29T07:11:02.847820
1918,CozyHutCafe,226,2771,https://buket_name.s3.ap-northeast-1.amazonaws.com/bed.bmp,NEW,2024-09-11T09:52:57.829120,2024-08-25T11:04:59.847841
1595,SunnyCornerGrill,48,2375,https://buket_name.s3.ap-northeast-1.amazonaws.com/effect.bmp,PROSPECT,2023-12-27T01:55:08.829124,2024-10-22T22:19:34.847864
1740,SunnyTableBakery,833,2020,https://buket_name.s3.ap-northeast-1.amazonaws.com/the.bmp,NEW,2024-03-09T13:38:35.829129,2024-05-16T19:29:17.847890
1233,SunnyLoungeDiner,866,2927,https://buket_name.s3.ap-northeast-1.amazonaws.com/job.gif,NEW,2024-04-23T06:23:26.829133,2024-07-26T23:57:55.847914
1341,CharmingPlateBar,688,2579,https://buket_name.s3.ap-northeast-1.amazonaws.com/let.gif,PROSPECT,2024-03-30T14:38:43.829137,2024-08-07T07:33:42.847937
1326,SpicyCornerEatery,847,2061,https://buket_name.s3.ap-northeast-1.amazonaws.com/ball.png,EXISTING,2024-05-03T08:16:53.829142,2024-07-02T17:47:28.847959
1705,GoldenCornerBakery,459,2046,https://buket_name.s3.ap-northeast-1.amazonaws.com/operation.jpg,PROSPECT,2024-08-27T01:03:14.829146,2024-01-23T05:25:17.847982
1309,GoldenTableBistro,428,2748,https://buket_name.s3.ap-northeast-1.amazonaws.com/among.jpg,EXISTING,2023-12-18T14:50:26.829150,2024-07-05T04:01:15.848005
1404,RusticHouseBar,801,2167,https://buket_name.s3.ap-northeast-1.amazonaws.com/enjoy.gif,PROSPECT,2024-06-18T04:37:16.829155,2024-02-12T18:42:26.848027
1265,SunnyTableCafe,133,2457,https://buket_name.s3.ap-northeast-1.amazonaws.com/discussion.jpg,NEW,2024-11-16T16:21:49.829159,2024-09-22T06:44:50.848049
1297,CharmingTableBar,917,2369,https://buket_name.s3.ap-northeast-1.amazonaws.com/though.gif,NEW,2024-02-25T23:41:21.829163,2024-08-12T02:21:31.848072
1554,RusticLoungeCafe,398,2460,https://buket_name.s3.ap-northeast-1.amazonaws.com/world.jpeg,EXISTING,2024-04-04T10:24:29.829168,2024-07-17T22:15:02.848094
1448,RusticGardenCafe,282,2387,https://buket_name.s3.ap-northeast-1.amazonaws.com/front.jpeg,PROSPECT,2024-09-08T20:12:14.829172,2024-07-19T12:07:49.848115
1278,CozyCornerBistro,152,2045,https://buket_name.s3.ap-northeast-1.amazonaws.com/both.jpg,PROSPECT,2024-06-02T03:34:23.829176,2024-06-20T10:52:22.848138
1047,GoldenCornerEatery,686,2388,https://buket_name.s3.ap-northeast-1.amazonaws.com/we.png,EXISTING,2024-07-20T01:14:22.829181,2024-03-26T08:15:20.848160
1730,SpicyHouseEatery,690,2287,https://buket_name.s3.ap-northeast-1.amazonaws.com/poor.jpeg,EXISTING,2024-04-27T18:14:34.829185,2024-04-13T06:27:42.848182
1781,SunnySpotDiner,229,2804,https://buket_name.s3.ap-northeast-1.amazonaws.com/story.png,NEW,2023-12-18T08:12:21.829189,2024-01-23T12:24:50.848204
1759,SpicyHutBistro,612,2604,https://buket_name.s3.ap-northeast-1.amazonaws.com/seek.gif,NEW,2024-10-15T03:02:00.829193,2024-08-14T19:33:40.848226
1166,SunnyLoungeDiner,630,2334,https://buket_name.s3.ap-northeast-1.amazonaws.com/star.jpeg,PROSPECT,2024-01-17T13:53:59.829198,2024-08-03T04:49:23.848249
1540,SunnySpotBistro,93,2582,https://buket_name.s3.ap-northeast-1.amazonaws.com/my.jpg,NEW,2024-07-29T11:17:59.829202,2024-11-07T21:35:13.848272
1604,DeliciousSpotBar,660,2775,https://buket_name.s3.ap-northeast-1.amazonaws.com/maintain.png,PROSPECT,2024-02-07T22:14:49.829206,2024-05-14T22:57:49.848298
1280,RusticGardenGrill,616,2803,https://buket_name.s3.ap-northeast-1.amazonaws.com/protect.png,NEW,2024-02-10T15:00:06.829211,2024-09-30T13:43:22.848321
1848,GoldenGardenBistro,18,2892,https://buket_name.s3.ap-northeast-1.amazonaws.com/explain.jpeg,PROSPECT,2024-01-09T13:04:32.829215,2024-07-19T17:41:43.848344
1542,SpicyHutEatery,456,2458,https://buket_name.s3.ap-northeast-1.amazonaws.com/admit.gif,NEW,2024-01-20T15:10:55.829219,2024-10-01T21:09:08.848368
1853,GoldenTableBistro,174,2696,https://buket_name.s3.ap-northeast-1.amazonaws.com/possible.bmp,NEW,2024-08-20T00:55:06.829224,2024-07-08T10:43:43.848405
1562,SpicyHutEatery,750,2707,https://buket_name.s3.ap-northeast-1.amazonaws.com/bit.tiff,EXISTING,2024-06-03T03:43:04.829228,2024-09-28T09:03:43.848427
1239,SunnyPlateEatery,877,2519,https://buket_name.s3.ap-northeast-1.amazonaws.com/significant.gif,EXISTING,2024-01-09T22:39:46.829232,2024-09-19T02:39:50.848449
1031,CozyCornerBakery,843,2579,https://buket_name.s3.ap-northeast-1.amazonaws.com/energy.jpg,EXISTING,2024-11-19T22:59:28.829237,2024-05-23T13:22:21.848472
1971,SunnyTableKitchen,49,2326,https://buket_name.s3.ap-northeast-1.amazonaws.com/feel.gif,NEW,2024-11-10T13:07:41.829241,2024-11-10T14:39:32.848496
1021,CozyHutBar,580,2402,https://buket_name.s3.ap-northeast-1.amazonaws.com/receive.tiff,PROSPECT,2024-04-20T16:49:46.829246,2024-05-29T11:29:36.848519
1738,GoldenLoungeBar,858,2480,https://buket_name.s3.ap-northeast-1.amazonaws.com/site.bmp,PROSPECT,2024-04-13T22:32:55.829250,2024-10-21T07:58:30.848541
1473,RusticCornerKitchen,465,2893,https://buket_name.s3.ap-northeast-1.amazonaws.com/myself.png,NEW,2024-08-22T13:04:43.829255,2024-10-08T05:58:39.848562
1086,SpicyPlateKitchen,195,2345,https://buket_name.s3.ap-northeast-1.amazonaws.com/town.jpg,EXISTING,2024-05-10T06:59:53.829259,2024-01-10T18:57:49.848585
1852,SpicyHouseBar,935,2705,https://buket_name.s3.ap-northeast-1.amazonaws.com/campaign.bmp,NEW,2024-09-13T15:05:21.829263,2024-06-15T12:57:27.848606
1105,GoldenHouseBistro,414,2625,https://buket_name.s3.ap-northeast-1.amazonaws.com/quite.jpg,EXISTING,2024-05-12T12:34:46.829267,2024-03-18T05:03:49.848627
1942,DeliciousSpotBakery,569,2923,https://buket_name.s3.ap-northeast-1.amazonaws.com/by.jpeg,PROSPECT,2023-12-07T08:01:50.829272,2024-03-15T09:50:31.848650
1617,CharmingLoungeBistro,984,2191,https://buket_name.s3.ap-northeast-1.amazonaws.com/other.tiff,NEW,2024-07-04T06:47:40.829276,2024-07-31T07:17:03.848672
1321,SpicyLoungeEatery,630,2570,https://buket_name.s3.ap-northeast-1.amazonaws.com/drug.jpeg,EXISTING,2024-08-23T13:33:43.829280,2024-09-27T09:01:30.848696
1285,GoldenHutCafe,827,2690,https://buket_name.s3.ap-northeast-1.amazonaws.com/sense.tiff,PROSPECT,2023-12-02T12:41:25.829285,2024-04-02T01:12:33.848718
1780,SpicyGardenEatery,119,2651,https://buket_name.s3.ap-northeast-1.amazonaws.com/office.tiff,EXISTING,2024-01-19T05:32:48.829289,2024-03-10T01:12:19.848740
1714,GoldenTableCafe,749,2026,https://buket_name.s3.ap-northeast-1.amazonaws.com/father.tiff,PROSPECT,2024-02-16T12:53:58.829293,2024-08-02T13:57:01.848763
1040,GoldenCornerGrill,824,2448,https://buket_name.s3.ap-northeast-1.amazonaws.com/sister.gif,NEW,2024-05-28T05:13:29.829297,2024-07-24T00:30:59.848786
1099,CozyHouseGrill,943,2168,https://buket_name.s3.ap-northeast-1.amazonaws.com/attention.gif,NEW,2024-01-31T21:22:02.829302,2024-03-13T18:20:54.848810
1533,SpicyTableDiner,983,2631,https://buket_name.s3.ap-northeast-1.amazonaws.com/food.png,NEW,2024-04-14T20:19:35.829306,2024-07-14T20:24:33.848832
1136,GoldenGardenDiner,19,2943,https://buket_name.s3.ap-northeast-1.amazonaws.com/generation.tiff,NEW,2024-02-29T04:45:52.829310,2024-05-27T19:39:54.848854
1837,DeliciousLoungeBar,425,2295,https://buket_name.s3.ap-northeast-1.amazonaws.com/hour.gif,NEW,2024-10-29T11:59:40.829315,2024-04-07T19:44:16.848875
1663,RusticTableGrill,619,2846,https://buket_name.s3.ap-northeast-1.amazonaws.com/media.tiff,EXISTING,2024-01-01T14:48:35.829338,2024-03-16T21:51:49.848898
1972,GoldenLoungeKitchen,640,2983,https://buket_name.s3.ap-northeast-1.amazonaws.com/pass.jpeg,PROSPECT,2024-06-21T01:29:06.829342,2024-06-21T02:00:29.848921
1668,SunnyHutGrill,667,2298,https://buket_name.s3.ap-northeast-1.amazonaws.com/certain.gif,EXISTING,2024-06-30T22:28:56.829346,2024-03-29T16:29:20.848946
1834,SunnyLoungeBakery,362,2948,https://buket_name.s3.ap-northeast-1.amazonaws.com/on.bmp,EXISTING,2024-03-06T18:25:59.829350,2024-04-06T15:36:23.848967
1008,SunnyGardenKitchen,189,2294,https://buket_name.s3.ap-northeast-1.amazonaws.com/generation.png,NEW,2024-06-19T10:03:22.829355,2024-02-09T22:13:37.848989
1458,RusticLoungeBar,285,2372,https://buket_name.s3.ap-northeast-1.amazonaws.com/pay.jpeg,PROSPECT,2024-03-25T01:39:06.829359,2024-01-24T04:02:58.849011
1955,DeliciousLoungeBistro,651,2725,https://buket_name.s3.ap-northeast-1.amazonaws.com/ago.tiff,PROSPECT,2024-04-05T20:24:34.829363,2023-12-11T10:42:15.849032
1742,RusticLoungeEatery,774,2163,https://buket_name.s3.ap-northeast-1.amazonaws.com/under.gif,NEW,2024-10-10T14:14:42.829367,2024-07-24T15:58:52.849056
1308,RusticPlateBar,856,2259,https://buket_name.s3.ap-northeast-1.amazonaws.com/clear.jpg,PROSPECT,2024-10-04T09:35:18.829372,2024-04-30T03:37:03.849078
1362,SunnySpotBakery,796,2389,https://buket_name.s3.ap-northeast-1.amazonaws.com/Mrs.gif,NEW,2024-07-22T16:14:16.829376,2023-12-18T15:02:22.849100
1306,SunnySpotBistro,54,2190,https://buket_name.s3.ap-northeast-1.amazonaws.com/central.bmp,PROSPECT,2024-06-26T23:40:17.829380,2024-01-12T00:44:29.849123
1561,RusticPlateBar,427,2358,https://buket_name.s3.ap-northeast-1.amazonaws.com/station.gif,PROSPECT,2024-05-05T06:26:04.829385,2024-05-20T04:42:19.849146
1159,SpicyCornerCafe,761,2748,https://buket_name.s3.ap-northeast-1.amazonaws.com/over.jpg,EXISTING,2024-07-11T01:09:43.829389,2024-03-28T14:51:10.849177
1951,GoldenLoungeGrill,804,2987,https://buket_name.s3.ap-northeast-1.amazonaws.com/different.tiff,PROSPECT,2024-02-08T23:46:52.829393,2024-01-10T07:40:27.849200
1806,GoldenLoungeGrill,770,2621,https://buket_name.s3.ap-northeast-1.amazonaws.com/significant.gif,PROSPECT,2024-03-27T19:44:28.829398,2024-06-02T12:53:21.849222
1342,GoldenSpotEatery,220,2850,https://buket_name.s3.ap-northeast-1.amazonaws.com/team.gif,NEW,2024-11-07T21:44:59.829402,2024-01-03T22:19:23.849243
1439,CharmingCornerBakery,448,2889,https://buket_name.s3.ap-northeast-1.amazonaws.com/soon.gif,PROSPECT,2024-10-31T12:38:30.829407,2024-02-23T01:14:37.849265
1816,DeliciousHouseGrill,178,2350,https://buket_name.s3.ap-northeast-1.amazonaws.com/head.jpg,PROSPECT,2024-04-19T16:09:08.829411,2024-09-18T00:21:35.849287
1893,GoldenHutCafe,925,2580,https://buket_name.s3.ap-northeast-1.amazonaws.com/perhaps.png,NEW,2023-12-04T11:20:49.829415,2024-10-12T15:08:46.849308
1736,CozyPlateBakery,153,2943,https://buket_name.s3.ap-northeast-1.amazonaws.com/professional.gif,NEW,2024-05-01T02:16:15.829420,2024-02-09T04:21:04.849339
1338,CozyLoungeDiner,519,2767,https://buket_name.s3.ap-northeast-1.amazonaws.com/wear.jpg,NEW,2024-02-10T23:33:39.829424,2024-10-28T06:38:49.849363
1303,GoldenHutGrill,234,2090,https://buket_name.s3.ap-northeast-1.amazonaws.com/power.bmp,NEW,2024-01-23T03:01:16.829429,2024-06-15T11:03:23.849386
1881,SpicyPlateBistro,625,2390,https://buket_name.s3.ap-northeast-1.amazonaws.com/new.bmp,EXISTING,2024-10-06T14:58:13.829433,2024-07-22T14:11:49.849410
1864,SunnyCornerEatery,338,2379,https://buket_name.s3.ap-northeast-1.amazonaws.com/her.png,NEW,2024-04-09T06:43:52.829437,2024-07-23T02:20:12.849431
1374,RusticLoungeBar,939,2769,https://buket_name.s3.ap-northeast-1.amazonaws.com/lose.jpg,EXISTING,2024-06-17T18:58:01.829442,2024-03-23T06:51:09.849455
1954,RusticLoungeGrill,744,2182,https://buket_name.s3.ap-northeast-1.amazonaws.com/actually.jpeg,NEW,2024-08-09T23:54:05.829446,2024-07-07T15:56:06.849478
1543,SunnyLoungeKitchen,228,2340,https://buket_name.s3.ap-northeast-1.amazonaws.com/one.gif,EXISTING,2024-06-13T23:29:07.829450,2024-09-17T22:25:09.849500
1270,CozyLoungeBar,553,2741,https://buket_name.s3.ap-northeast-1.amazonaws.com/commercial.tiff,NEW,2024-06-02T18:52:21.829455,2024-11-05T10:53:53.849522
1219,SpicyTableKitchen,840,2786,https://buket_name.s3.ap-northeast-1.amazonaws.com/until.tiff,EXISTING,2024-02-04T04:25:25.829459,2024-08-09T04:16:55.849544
1364,DeliciousCornerGrill,120,2114,https://buket_name.s3.ap-northeast-1.amazonaws.com/table.jpg,PROSPECT,2024-06-27T13:56:24.829463,2024-10-18T19:28:32.849566
1087,DeliciousGardenDiner,55,2295,https://buket_name.s3.ap-northeast-1.amazonaws.com/medical.tiff,PROSPECT,2024-03-20T16:00:45.829468,2023-12-14T12:18:20.849588
1986,SpicyPlateGrill,87,2918,https://buket_name.s3.ap-northeast-1.amazonaws.com/former.png,NEW,2024-02-08T14:48:54.829472,2024-02-19T13:10:57.849611
1219,CozyHutDiner,995,2199,https://buket_name.s3.ap-northeast-1.amazonaws.com/thus.tiff,EXISTING,2024-01-25T20:03:20.829476,2024-03-09T14:31:52.849632
1773,RusticHutEatery,168,2180,https://buket_name.s3.ap-northeast-1.amazonaws.com/event.bmp,NEW,2024-09-14T20:44:10.829491,2024-04-19T03:46:50.849655
1662,RusticPlateKitchen,433,2290,https://buket_name.s3.ap-northeast-1.amazonaws.com/PM.gif,EXISTING,2024-03-01T12:12:05.829495,2024-06-14T00:11:59.849676
1245,DeliciousPlateBar,160,2131,https://buket_name.s3.ap-northeast-1.amazonaws.com/score.jpg,EXISTING,2024-02-02T17:34:31.829500,2024-08-09T21:02:41.849697
1908,DeliciousSpotCafe,208,2786,https://buket_name.s3.ap-northeast-1.amazonaws.com/term.gif,NEW,2024-07-11T09:12:16.829504,2024-11-14T03:30:00.849718
1220,CharmingPlateDiner,592,2448,https://buket_name.s3.ap-northeast-1.amazonaws.com/stock.jpeg,NEW,2024-08-14T02:55:12.829508,2024-08-30T03:26:42.849741
1074,DeliciousGardenGrill,529,2160,https://buket_name.s3.ap-northeast-1.amazonaws.com/if.jpeg,NEW,2024-11-13T01:49:50.829512,2024-08-04T05:42:08.849763
1459,RusticSpotBakery,421,2320,https://buket_name.s3.ap-northeast-1.amazonaws.com/detail.bmp,EXISTING,2024-04-24T19:37:30.829517,2024-04-04T09:14:59.849784
1967,DeliciousHutBistro,937,2267,https://buket_name.s3.ap-northeast-1.amazonaws.com/forward.bmp,EXISTING,2024-04-29T20:09:54.829521,2024-11-08T17:22:22.849805
1748,SunnyHouseEatery,2,2272,https://buket_name.s3.ap-northeast-1.amazonaws.com/small.tiff,EXISTING,2024-05-12T20:40:20.829526,2024-09-05T00:42:15.849827
1825,CozyCornerGrill,628,2666,https://buket_name.s3.ap-northeast-1.amazonaws.com/gun.gif,EXISTING,2024-01-12T05:37:54.829530,2024-06-01T17:28:52.849848
1472,CharmingCornerBakery,156,2223,https://buket_name.s3.ap-northeast-1.amazonaws.com/relate.jpg,EXISTING,2024-05-02T19:21:45.829534,2024-04-19T13:56:04.849871
1479,SunnySpotBistro,968,2224,https://buket_name.s3.ap-northeast-1.amazonaws.com/receive.tiff,NEW,2024-03-06T15:11:35.829538,2024-11-07T03:49:08.849894
1190,DeliciousHouseBar,538,2413,https://buket_name.s3.ap-northeast-1.amazonaws.com/draw.tiff,PROSPECT,2024-03-10T04:17:15.829543,2024-06-04T01:16:10.849917
1028,SpicyPlateGrill,694,2544,https://buket_name.s3.ap-northeast-1.amazonaws.com/guy.jpeg,NEW,2024-01-09T02:17:16.829547,2024-08-03T19:56:35.849940
1136,RusticLoungeKitchen,725,2731,https://buket_name.s3.ap-northeast-1.amazonaws.com/commercial.tiff,PROSPECT,2024-07-08T05:34:07.829551,2024-11-22T13:35:53.849962
1532,DeliciousSpotEatery,680,2418,https://buket_name.s3.ap-northeast-1.amazonaws.com/adult.jpeg,PROSPECT,2024-08-24T06:14:02.829556,2023-12-27T10:13:59.849984
1872,CharmingGardenKitchen,70,2156,https://buket_name.s3.ap-northeast-1.amazonaws.com/painting.jpeg,PROSPECT,2024-02-28T23:28:38.829560,2024-01-19T20:11:17.850005
1874,RusticHutBar,538,2886,https://buket_name.s3.ap-northeast-1.amazonaws.com/article.png,NEW,2024-03-11T00:54:58.829564,2024-06-18T19:25:15.850029
1463,CozyTableBakery,503,2020,https://buket_name.s3.ap-northeast-1.amazonaws.com/professor.tiff,PROSPECT,2024-10-31T01:52:01.829569,2024-08-17T19:16:49.850062
1316,CharmingTableBakery,986,2041,https://buket_name.s3.ap-northeast-1.amazonaws.com/head.gif,EXISTING,2024-08-13T12:43:20.829573,2024-03-09T03:34:05.850083
1997,CozyHutBar,863,2596,https://buket_name.s3.ap-northeast-1.amazonaws.com/military.bmp,PROSPECT,2024-03-14T15:35:18.829578,2024-03-13T18:42:08.850105
1334,DeliciousHouseCafe,411,2415,https://buket_name.s3.ap-northeast-1.amazonaws.com/ask.tiff,EXISTING,2024-05-29T15:24:20.829582,2024-04-17T15:55:04.850127
1674,SpicyLoungeDiner,125,2704,https://buket_name.s3.ap-northeast-1.amazonaws.com/effort.bmp,EXISTING,2024-06-03T20:07:36.829586,2024-06-24T16:06:12.850149
1435,GoldenSpotKitchen,787,2115,https://buket_name.s3.ap-northeast-1.amazonaws.com/actually.bmp,PROSPECT,2024-01-08T09:41:48.829591,2023-12-25T18:18:34.850170
1960,SpicyHutKitchen,306,2369,https://buket_name.s3.ap-northeast-1.amazonaws.com/young.gif,PROSPECT,2024-08-19T03:18:54.829595,2024-08-31T00:20:28.850192
1955,RusticGardenBakery,238,2219,https://buket_name.s3.ap-northeast-1.amazonaws.com/general.tiff,NEW,2024-08-16T15:18:57.829599,2024-05-08T04:20:21.850215
1317,DeliciousGardenBistro,321,2301,https://buket_name.s3.ap-northeast-1.amazonaws.com/tend.bmp,NEW,2024-10-31T11:52:01.829604,2024-05-16T17:11:38.850236
1864,DeliciousCornerBakery,140,2602,https://buket_name.s3.ap-northeast-1.amazonaws.com/hair.bmp,PROSPECT,2024-07-05T11:37:50.829608,2024-06-11T13:43:57.850260
1665,DeliciousCornerGrill,825,2553,https://buket_name.s3.ap-northeast-1.amazonaws.com/knowledge.tiff,NEW,2024-04-23T04:04:07.829612,2023-12-21T15:58:51.850282
1811,GoldenTableBakery,509,2058,https://buket_name.s3.ap-northeast-1.amazonaws.com/wait.gif,PROSPECT,2024-04-19T14:11:11.829617,2024-04-22T12:43:34.850304
1851,CharmingSpotBar,652,2373,https://buket_name.s3.ap-northeast-1.amazonaws.com/list.gif,NEW,2024-03-16T13:02:40.829621,2024-08-31T08:38:02.850327
1134,CharmingHutCafe,47,2462,https://buket_name.s3.ap-northeast-1.amazonaws.com/change.jpg,EXISTING,2024-04-16T06:07:12.829625,2023-12-01T02:10:34.850349
1558,CozyGardenGrill,720,2290,https://buket_name.s3.ap-northeast-1.amazonaws.com/forget.jpeg,EXISTING,2023-12-26T06:49:33.829629,2024-03-26T15:56:51.850370
1327,RusticLoungeBakery,121,2362,https://buket_name.s3.ap-northeast-1.amazonaws.com/range.gif,PROSPECT,2024-03-25T16:32:37.829634,2024-07-29T13:51:32.850392
1416,RusticLoungeKitchen,534,2251,https://buket_name.s3.ap-northeast-1.amazonaws.com/should.jpeg,PROSPECT,2024-09-14T19:03:08.829638,2024-02-28T18:17:12.850414
1484,CozyHouseKitchen,362,2376,https://buket_name.s3.ap-northeast-1.amazonaws.com/issue.tiff,EXISTING,2024-07-12T10:08:58.829642,2024-05-29T10:17:02.850438
1859,DeliciousTableBar,885,2873,https://buket_name.s3.ap-northeast-1.amazonaws.com/act.jpg,NEW,2023-12-02T05:57:28.829646,2024-01-03T18:38:09.850462
1639,RusticHutCafe,547,2923,https://buket_name.s3.ap-northeast-1.amazonaws.com/vote.jpg,EXISTING,2024-10-17T18:20:21.829656,2024-02-27T15:27:52.850483
1131,RusticCornerBistro,272,2701,https://buket_name.s3.ap-northeast-1.amazonaws.com/none.jpeg,EXISTING,2024-06-04T11:53:43.829661,2024-01-31T21:05:49.850505
1705,CozyPlateBistro,686,2594,https://buket_name.s3.ap-northeast-1.amazonaws.com/summer.png,NEW,2024-01-05T05:16:51.829665,2024-08-21T20:04:55.850526
1865,DeliciousHouseBakery,314,2026,https://buket_name.s3.ap-northeast-1.amazonaws.com/right.tiff,EXISTING,2024-01-05T19:03:36.829669,2024-01-01T01:30:04.850548
1752,CharmingTableDiner,840,2044,https://buket_name.s3.ap-northeast-1.amazonaws.com/maintain.tiff,NEW,2024-09-09T08:45:34.829673,2024-07-03T10:28:31.850571
1643,SunnyHutEatery,830,2182,https://buket_name.s3.ap-northeast-1.amazonaws.com/other.bmp,EXISTING,2024-05-22T11:13:03.829678,2024-04-13T14:30:10.850595
1391,DeliciousGardenBistro,611,2304,https://buket_name.s3.ap-northeast-1.amazonaws.com/issue.bmp,EXISTING,2024-11-01T11:35:47.829682,2024-02-07T01:36:04.850618
1321,SpicyPlateBistro,144,2961,https://buket_name.s3.ap-northeast-1.amazonaws.com/Congress.jpg,EXISTING,2024-04-21T16:07:57.829686,2024-03-23T20:38:56.850640
1889,RusticCornerBakery,331,2350,https://buket_name.s3.ap-northeast-1.amazonaws.com/month.bmp,NEW,2024-04-06T02:27:53.829691,2024-05-03T07:34:44.850663
1985,SpicyPlateCafe,942,2497,https://buket_name.s3.ap-northeast-1.amazonaws.com/pretty.gif,PROSPECT,2024-03-14T00:11:02.829695,2024-05-20T14:22:52.850684
1962,SpicyCornerBistro,433,2127,https://buket_name.s3.ap-northeast-1.amazonaws.com/my.tiff,EXISTING,2024-09-10T03:36:56.829699,2024-06-01T16:04:23.850707
1821,DeliciousSpotGrill,363,2597,https://buket_name.s3.ap-northeast-1.amazonaws.com/scene.tiff,PROSPECT,2024-02-13T02:20:19.829703,2024-02-14T18:46:43.850729
1442,CharmingGardenDiner,326,2411,https://buket_name.s3.ap-northeast-1.amazonaws.com/base.gif,EXISTING,2024-10-01T18:29:18.829707,2024-04-27T00:10:01.850751
1246,CozyTableBistro,693,2271,https://buket_name.s3.ap-northeast-1.amazonaws.com/economy.jpeg,NEW,2024-08-17T03:32:51.829712,2024-01-03T04:52:54.850774
1282,SpicyHouseKitchen,932,2821,https://buket_name.s3.ap-northeast-1.amazonaws.com/employee.gif,PROSPECT,2024-05-11T00:25:17.829717,2024-02-11T10:07:26.850797
1435,GoldenHutBakery,441,2392,https://buket_name.s3.ap-northeast-1.amazonaws.com/sure.bmp,PROSPECT,2024-11-11T15:37:49.829728,2024-03-31T23:26:54.850819
1101,RusticTableBar,64,2592,https://buket_name.s3.ap-northeast-1.amazonaws.com/situation.gif,PROSPECT,2023-11-28T12:49:19.829732,2024-02-14T21:10:16.850873
1098,DeliciousSpotDiner,300,2837,https://buket_name.s3.ap-northeast-1.amazonaws.com/option.tiff,EXISTING,2024-05-21T05:11:55.829736,2024-01-25T22:52:08.850914
1624,SpicyLoungeKitchen,72,2171,https://buket_name.s3.ap-northeast-1.amazonaws.com/serious.gif,NEW,2024-04-01T19:54:25.829740,2024-06-22T08:26:06.850939
1248,SpicyGardenBistro,296,2063,https://buket_name.s3.ap-northeast-1.amazonaws.com/late.bmp,EXISTING,2024-05-05T18:35:25.829745,2024-04-01T23:03:00.850964
1827,CharmingHouseBistro,186,2947,https://buket_name.s3.ap-northeast-1.amazonaws.com/body.png,EXISTING,2024-01-05T03:53:42.829749,2024-03-28T19:51:19.850994
1900,DeliciousSpotKitchen,49,2491,https://buket_name.s3.ap-northeast-1.amazonaws.com/production.png,EXISTING,2024-10-03T18:39:54.829753,2024-07-12T23:10:40.851023
1049,SpicyLoungeCafe,646,2639,https://buket_name.s3.ap-northeast-1.amazonaws.com/see.jpg,EXISTING,2024-07-31T17:40:02.829758,2024-01-31T08:59:39.851047
1420,SpicyLoungeKitchen,549,2903,https://buket_name.s3.ap-northeast-1.amazonaws.com/possible.gif,PROSPECT,2023-12-18T16:16:13.829763,2024-02-10T03:38:51.851070
1311,CharmingTableBar,814,2774,https://buket_name.s3.ap-northeast-1.amazonaws.com/amount.png,NEW,2024-03-12T04:54:29.829767,2024-10-14T15:53:35.851093
1545,RusticCornerGrill,997,2969,https://buket_name.s3.ap-northeast-1.amazonaws.com/grow.jpeg,NEW,2024-09-07T20:49:57.829771,2023-12-06T05:40:20.851115
1506,SpicyTableBar,29,2126,https://buket_name.s3.ap-northeast-1.amazonaws.com/significant.tiff,NEW,2024-08-08T15:21:04.829776,2024-09-23T11:19:26.851139
1506,DeliciousSpotBar,925,2712,https://buket_name.s3.ap-northeast-1.amazonaws.com/agreement.jpg,PROSPECT,2024-10-27T21:05:34.829780,2023-12-17T14:09:06.851162
1319,SpicyGardenCafe,548,2720,https://buket_name.s3.ap-northeast-1.amazonaws.com/work.tiff,PROSPECT,2024-05-13T12:14:20.829784,2024-07-16T21:50:44.851184
1357,GoldenHouseBistro,771,2062,https://buket_name.s3.ap-northeast-1.amazonaws.com/model.bmp,EXISTING,2024-11-20T13:29:42.829788,2024-05-27T14:19:28.851207
1588,SpicySpotKitchen,230,2650,https://buket_name.s3.ap-northeast-1.amazonaws.com/help.bmp,EXISTING,2024-06-19T05:24:17.829793,2024-05-19T06:12:15.851229
1111,DeliciousLoungeBistro,762,2096,https://buket_name.s3.ap-northeast-1.amazonaws.com/remain.jpeg,PROSPECT,2024-11-26T14:39:56.829797,2024-08-16T21:22:04.851252
1916,RusticTableBakery,831,2205,https://buket_name.s3.ap-northeast-1.amazonaws.com/low.gif,NEW,2024-03-25T05:50:06.829802,2023-12-24T08:37:00.851275
1209,SunnyPlateBar,685,2957,https://buket_name.s3.ap-northeast-1.amazonaws.com/movement.gif,NEW,2024-10-23T07:45:44.829806,2024-11-08T02:12:17.851297
1858,GoldenPlateBistro,360,2950,https://buket_name.s3.ap-northeast-1.amazonaws.com/commercial.jpeg,PROSPECT,2024-06-22T14:05:30.829810,2024-06-13T04:57:05.851320
1380,DeliciousLoungeGrill,636,2108,https://buket_name.s3.ap-northeast-1.amazonaws.com/some.tiff,NEW,2024-02-11T05:49:36.829814,2024-08-31T13:19:03.851343
1344,DeliciousGardenDiner,780,2886,https://buket_name.s3.ap-northeast-1.amazonaws.com/green.jpg,PROSPECT,2024-03-18T10:24:51.829819,2024-07-14T13:42:12.851366
1556,DeliciousSpotGrill,74,2575,https://buket_name.s3.ap-northeast-1.amazonaws.com/suggest.jpeg,PROSPECT,2024-09-12T20:44:12.829823,2024-08-18T06:38:39.851388
1703,RusticSpotEatery,518,2811,https://buket_name.s3.ap-northeast-1.amazonaws.com/you.jpg,EXISTING,2024-05-16T05:07:30.829827,2024-09-10T06:21:41.851409
1370,DeliciousTableKitchen,436,2716,https://buket_name.s3.ap-northeast-1.amazonaws.com/administration.jpg,PROSPECT,2024-05-10T02:00:08.829832,2024-07-11T16:02:31.851431
1644,RusticGardenEatery,508,2828,https://buket_name.s3.ap-northeast-1.amazonaws.com/nice.jpeg,NEW,2024-04-05T11:48:15.829836,2024-01-09T19:53:08.851455
1128,RusticSpotBakery,894,2193,https://buket_name.s3.ap-northeast-1.amazonaws.com/oil.jpeg,EXISTING,2024-10-19T17:58:09.829840,2024-05-25T13:53:09.851477
1561,SunnyCornerGrill,382,2192,https://buket_name.s3.ap-northeast-1.amazonaws.com/already.jpg,PROSPECT,2024-11-10T20:40:26.829844,2024-10-24T17:05:40.851500
1514,GoldenSpotDiner,556,2076,https://buket_name.s3.ap-northeast-1.amazonaws.com/own.png,NEW,2024-07-11T13:56:22.829849,2024-11-23T18:19:08.851523
1545,CharmingPlateBistro,740,2034,https://buket_name.s3.ap-northeast-1.amazonaws.com/everybody.png,NEW,2023-12-20T11:07:21.829853,2024-11-04T10:50:06.851547
1964,GoldenGardenBistro,786,2133,https://buket_name.s3.ap-northeast-1.amazonaws.com/American.tiff,EXISTING,2023-12-16T00:03:42.829857,2024-10-29T15:22:03.851574
1121,SpicyCornerGrill,719,2987,https://buket_name.s3.ap-northeast-1.amazonaws.com/indicate.jpg,EXISTING,2024-05-15T05:08:28.829861,2024-02-13T08:42:46.851599
1476,CozyTableBakery,879,2318,https://buket_name.s3.ap-northeast-1.amazonaws.com/call.tiff,NEW,2024-06-24T07:12:00.829866,2024-06-05T16:25:36.851622
1255,SpicyHouseBakery,783,2233,https://buket_name.s3.ap-northeast-1.amazonaws.com/half.jpg,EXISTING,2024-01-16T09:53:24.829870,2024-02-10T09:16:33.851645
1645,CharmingCornerBakery,660,2615,https://buket_name.s3.ap-northeast-1.amazonaws.com/approach.jpg,PROSPECT,2024-02-21T06:55:49.829874,2024-10-13T18:19:55.851668
1807,RusticHouseGrill,129,2657,https://buket_name.s3.ap-northeast-1.amazonaws.com/explain.bmp,PROSPECT,2024-11-19T00:28:36.829879,2024-10-22T11:32:43.851691
1597,DeliciousHutKitchen,60,2229,https://buket_name.s3.ap-northeast-1.amazonaws.com/already.tiff,EXISTING,2024-01-16T04:56:40.829883,2024-02-09T22:07:43.851713
1484,DeliciousHutDiner,8,2833,https://buket_name.s3.ap-northeast-1.amazonaws.com/responsibility.jpeg,NEW,2024-10-01T10:39:23.829887,2024-08-09T16:26:11.851736
1723,CharmingHouseGrill,60,2048,https://buket_name.s3.ap-northeast-1.amazonaws.com/party.tiff,NEW,2023-12-10T09:37:37.829892,2024-04-28T16:29:51.851759
1373,CozyHutKitchen,375,2480,https://buket_name.s3.ap-northeast-1.amazonaws.com/stand.tiff,NEW,2024-01-09T20:05:34.829896,2024-05-16T22:54:31.851781
1969,RusticTableEatery,957,2653,https://buket_name.s3.ap-northeast-1.amazonaws.com/rich.jpeg,EXISTING,2024-11-08T08:31:49.829900,2024-03-28T19:23:20.851804
1893,CozySpotBistro,643,2276,https://buket_name.s3.ap-northeast-1.amazonaws.com/sound.gif,PROSPECT,2024-02-01T22:26:08.829904,2024-01-20T13:02:29.851826
1836,SpicyTableCafe,922,2554,https://buket_name.s3.ap-northeast-1.amazonaws.com/name.png,PROSPECT,2024-11-03T05:00:47.829909,2024-03-03T11:54:18.851848
1813,DeliciousTableCafe,671,2597,https://buket_name.s3.ap-northeast-1.amazonaws.com/imagine.jpeg,EXISTING,2024-03-03T12:21:18.829913,2024-08-12T05:32:01.851870
1618,RusticHouseDiner,188,2928,https://buket_name.s3.ap-northeast-1.amazonaws.com/detail.jpeg,NEW,2024-02-21T09:13:51.829917,2024-09-08T04:11:43.851893
1252,SunnySpotBistro,146,2290,https://buket_name.s3.ap-northeast-1.amazonaws.com/others.bmp,NEW,2024-06-21T16:53:51.829922,2023-12-26T17:20:12.851916
1048,CozySpotDiner,948,2371,https://buket_name.s3.ap-northeast-1.amazonaws.com/support.jpeg,NEW,2024-03-16T07:09:11.829926,2024-01-03T20:38:03.851939
1720,RusticCornerDiner,151,2594,https://buket_name.s3.ap-northeast-1.amazonaws.com/peace.gif,EXISTING,2024-10-30T04:18:01.829930,2024-01-07T21:25:00.851960
1066,RusticLoungeKitchen,957,2243,https://buket_name.s3.ap-northeast-1.amazonaws.com/service.tiff,EXISTING,2024-07-15T16:21:11.829935,2023-12-28T21:54:09.851984
1768,GoldenHutGrill,482,2176,https://buket_name.s3.ap-northeast-1.amazonaws.com/responsibility.png,NEW,2024-10-31T02:00:03.829939,2024-05-31T12:24:48.852008
1101,CozyHouseDiner,482,2585,https://buket_name.s3.ap-northeast-1.amazonaws.com/commercial.jpeg,PROSPECT,2024-06-04T15:37:28.829944,2024-06-27T02:40:59.852031
1066,RusticPlateKitchen,105,2741,https://buket_name.s3.ap-northeast-1.amazonaws.com/give.gif,PROSPECT,2024-03-19T22:40:46.829948,2024-10-10T08:21:38.852054
1753,CozyTableBistro,687,2490,https://buket_name.s3.ap-northeast-1.amazonaws.com/ten.tiff,EXISTING,2024-07-08T10:08:17.829953,2024-09-29T02:32:22.852077
1967,RusticSpotCafe,35,2122,https://buket_name.s3.ap-northeast-1.amazonaws.com/pattern.bmp,PROSPECT,2024-03-20T06:53:47.829980,2024-03-17T10:06:26.852100
1830,RusticHouseBakery,631,2158,https://buket_name.s3.ap-northeast-1.amazonaws.com/other.bmp,EXISTING,2024-09-28T22:51:58.829984,2024-10-13T03:44:42.852123
1471,CharmingHutKitchen,80,2564,https://buket_name.s3.ap-northeast-1.amazonaws.com/guy.gif,NEW,2024-07-12T14:46:18.829988,2024-03-06T01:27:54.852146
1956,DeliciousCornerEatery,673,2032,https://buket_name.s3.ap-northeast-1.amazonaws.com/film.jpeg,PROSPECT,2024-01-26T12:49:23.829993,2024-10-22T21:02:37.852172
1661,SunnyLoungeBakery,427,2453,https://buket_name.s3.ap-northeast-1.amazonaws.com/finally.tiff,NEW,2024-09-08T12:34:03.829997,2024-11-14T14:50:34.852194
1413,SpicyCornerGrill,273,2311,https://buket_name.s3.ap-northeast-1.amazonaws.com/miss.jpeg,PROSPECT,2024-08-20T21:09:03.830002,2023-12-27T09:27:54.852217
1705,GoldenCornerCafe,468,2986,https://buket_name.s3.ap-northeast-1.amazonaws.com/plant.jpg,EXISTING,2024-06-17T09:49:52.830006,2024-07-24T10:21:05.852240
1140,SpicyHutKitchen,624,2041,https://buket_name.s3.ap-northeast-1.amazonaws.com/conference.jpg,NEW,2023-11-30T11:49:30.830010,2024-01-07T15:52:08.852262
1581,RusticPlateDiner,769,2585,https://buket_name.s3.ap-northeast-1.amazonaws.com/story.bmp,EXISTING,2024-07-18T23:51:09.830014,2024-04-27T03:59:29.852285
1670,RusticHouseEatery,138,2872,https://buket_name.s3.ap-northeast-1.amazonaws.com/outside.gif,EXISTING,2023-12-25T18:12:24.830019,2024-08-04T19:00:15.852307
1758,CharmingTableDiner,136,2230,https://buket_name.s3.ap-northeast-1.amazonaws.com/letter.bmp,EXISTING,2024-09-24T15:11:55.830023,2024-09-03T11:51:02.852330
1454,RusticHutBar,445,2422,https://buket_name.s3.ap-northeast-1.amazonaws.com/growth.gif,EXISTING,2024-06-25T04:37:25.830028,2024-03-22T03:30:24.852353
1886,SunnyPlateBakery,317,2355,https://buket_name.s3.ap-northeast-1.amazonaws.com/set.bmp,PROSPECT,2024-01-13T20:47:44.830032,2024-06-05T14:42:17.852376
1195,CozyHouseCafe,996,2375,https://buket_name.s3.ap-northeast-1.amazonaws.com/where.jpg,PROSPECT,2024-08-29T04:51:57.830036,2024-03-04T16:45:57.852399
1859,DeliciousSpotBakery,396,2965,https://buket_name.s3.ap-northeast-1.amazonaws.com/tell.tiff,EXISTING,2024-03-05T02:11:47.830041,2023-11-27T15:21:06.852421
1764,SpicyCornerBar,587,2893,https://buket_name.s3.ap-northeast-1.amazonaws.com/start.tiff,EXISTING,2024-09-06T08:21:47.830045,2024-09-17T13:51:32.852444
1945,RusticSpotBar,901,2176,https://buket_name.s3.ap-northeast-1.amazonaws.com/small.jpeg,PROSPECT,2024-06-20T18:42:17.830049,2024-08-21T15:44:28.852466
1661,SunnyLoungeKitchen,966,2538,https://buket_name.s3.ap-northeast-1.amazonaws.com/cup.png,PROSPECT,2023-12-28T20:53:56.830054,2024-02-26T06:13:57.852490
1600,CharmingSpotBistro,241,2559,https://buket_name.s3.ap-northeast-1.amazonaws.com/often.bmp,PROSPECT,2023-12-14T07:14:31.830058,2024-04-27T22:38:45.852513
1489,SpicyTableGrill,121,2603,https://buket_name.s3.ap-northeast-1.amazonaws.com/family.jpg,NEW,2024-05-26T11:18:09.830062,2023-12-19T06:46:06.852535
1164,GoldenSpotDiner,249,2740,https://buket_name.s3.ap-northeast-1.amazonaws.com/next.gif,NEW,2024-02-04T14:09:22.830067,2024-06-01T15:02:38.852558
1976,CharmingCornerBakery,45,2158,https://buket_name.s3.ap-northeast-1.amazonaws.com/at.gif,EXISTING,2024-09-10T02:49:32.830071,2024-07-04T03:58:45.852581
1017,SpicyCornerDiner,778,2356,https://buket_name.s3.ap-northeast-1.amazonaws.com/purpose.tiff,EXISTING,2024-03-21T02:28:41.830075,2024-07-03T05:02:06.852603
1340,SunnyGardenBakery,202,2159,https://buket_name.s3.ap-northeast-1.amazonaws.com/particularly.gif,NEW,2024-06-09T03:38:28.830080,2024-02-03T18:03:28.852627
1929,CharmingHutBistro,442,2274,https://buket_name.s3.ap-northeast-1.amazonaws.com/year.bmp,NEW,2023-12-31T05:58:34.830084,2024-11-26T10:40:53.852651
1764,GoldenCornerGrill,251,2709,https://buket_name.s3.ap-northeast-1.amazonaws.com/project.png,PROSPECT,2024-01-16T18:46:48.830089,2024-05-10T22:51:03.852674
1973,RusticGardenBar,380,2887,https://buket_name.s3.ap-northeast-1.amazonaws.com/point.png,PROSPECT,2024-04-16T08:15:54.830093,2024-06-04T22:54:34.852698
1220,CozyHouseGrill,993,2184,https://buket_name.s3.ap-northeast-1.amazonaws.com/somebody.jpg,PROSPECT,2024-09-01T19:17:45.830097,2024-11-02T10:53:31.852721
1105,RusticSpotBakery,723,2547,https://buket_name.s3.ap-northeast-1.amazonaws.com/exactly.jpg,PROSPECT,2024-10-24T17:50:44.830101,2024-06-02T04:47:01.852745
1374,GoldenGardenBakery,930,2315,https://buket_name.s3.ap-northeast-1.amazonaws.com/feel.jpeg,EXISTING,2024-08-07T04:47:06.830106,2024-03-11T04:27:07.852768
1904,SunnyLoungeCafe,692,2964,https://buket_name.s3.ap-northeast-1.amazonaws.com/later.bmp,PROSPECT,2024-04-21T22:55:06.830110,2024-03-29T10:49:06.852790
1932,GoldenHouseGrill,88,2512,https://buket_name.s3.ap-northeast-1.amazonaws.com/fast.tiff,EXISTING,2024-10-27T01:49:25.830114,2024-05-20T18:55:30.852814
1475,CozyPlateGrill,101,2610,https://buket_name.s3.ap-northeast-1.amazonaws.com/note.jpeg,PROSPECT,2024-11-12T12:55:51.830119,2024-02-15T14:23:42.852839
1514,CharmingGardenGrill,176,2769,https://buket_name.s3.ap-northeast-1.amazonaws.com/once.png,PROSPECT,2024-10-25T23:43:03.830123,2024-01-07T10:42:00.852864
1244,RusticTableDiner,286,2929,https://buket_name.s3.ap-northeast-1.amazonaws.com/guess.jpeg,EXISTING,2024-04-23T23:08:57.830127,2024-06-01T16:13:35.852886
1183,SunnyCornerCafe,213,2623,https://buket_name.s3.ap-northeast-1.amazonaws.com/season.gif,NEW,2024-04-05T00:09:54.830132,2024-08-12T02:34:32.852909
1679,SunnyGardenEatery,863,2031,https://buket_name.s3.ap-northeast-1.amazonaws.com/strong.jpg,EXISTING,2024-03-11T16:53:51.830136,2024-03-17T04:17:10.852931
1408,CozyTableKitchen,120,2707,https://buket_name.s3.ap-northeast-1.amazonaws.com/through.gif,PROSPECT,2024-10-28T04:11:31.830140,2024-07-17T20:54:04.852953
1434,SpicyHouseGrill,578,2385,https://buket_name.s3.ap-northeast-1.amazonaws.com/social.bmp,PROSPECT,2024-05-29T02:22:57.830144,2024-09-17T00:50:13.852976
1586,CharmingSpotDiner,759,2575,https://buket_name.s3.ap-northeast-1.amazonaws.com/clearly.png,EXISTING,2024-09-27T13:35:35.830149,2024-02-20T21:49:38.852998
1321,CozyLoungeDiner,429,2107,https://buket_name.s3.ap-northeast-1.amazonaws.com/science.tiff,NEW,2024-09-05T00:39:55.830153,2024-05-14T23:39:44.853022
1504,GoldenLoungeKitchen,491,2904,https://buket_name.s3.ap-northeast-1.amazonaws.com/if.png,PROSPECT,2024-05-05T22:26:03.830157,2024-04-17T22:55:13.853044
1101,GoldenHouseGrill,94,2405,https://buket_name.s3.ap-northeast-1.amazonaws.com/majority.jpeg,EXISTING,2024-05-27T09:53:32.830162,2024-11-09T22:20:50.853066
1061,SpicySpotCafe,569,2221,https://buket_name.s3.ap-northeast-1.amazonaws.com/or.bmp,EXISTING,2023-12-11T06:24:27.830166,2024-01-22T21:45:26.853092
1431,DeliciousCornerBistro,135,2373,https://buket_name.s3.ap-northeast-1.amazonaws.com/provide.jpg,EXISTING,2024-05-15T15:59:37.830170,2024-09-16T23:18:53.853115
1950,SpicyHutDiner,776,2065,https://buket_name.s3.ap-northeast-1.amazonaws.com/success.png,NEW,2023-11-28T07:35:30.830174,2024-03-21T06:39:42.853138
1120,SunnyLoungeBar,213,2458,https://buket_name.s3.ap-northeast-1.amazonaws.com/we.gif,NEW,2023-12-26T07:55:58.830190,2024-08-12T06:49:36.853160
1772,SunnyLoungeDiner,937,2247,https://buket_name.s3.ap-northeast-1.amazonaws.com/high.bmp,NEW,2024-09-20T08:08:06.830194,2024-10-17T18:45:52.853183
1048,CharmingSpotKitchen,10,2250,https://buket_name.s3.ap-northeast-1.amazonaws.com/yeah.png,PROSPECT,2024-09-24T03:09:55.830199,2024-05-07T16:54:36.853206
1475,SpicyHutKitchen,61,2857,https://buket_name.s3.ap-northeast-1.amazonaws.com/response.gif,NEW,2024-10-07T17:45:46.830203,2023-12-26T11:35:52.853228
1651,CozyGardenCafe,767,2906,https://buket_name.s3.ap-northeast-1.amazonaws.com/program.gif,NEW,2024-07-15T20:16:50.830207,2023-12-21T13:52:38.853251
1826,SunnyTableBakery,332,2708,https://buket_name.s3.ap-northeast-1.amazonaws.com/product.jpeg,PROSPECT,2024-08-19T01:31:39.830212,2024-04-29T09:39:51.853272
1051,DeliciousPlateBistro,524,2342,https://buket_name.s3.ap-northeast-1.amazonaws.com/model.tiff,EXISTING,2024-03-16T11:37:29.830216,2024-06-20T11:34:53.853294
1460,SunnyCornerBistro,562,2238,https://buket_name.s3.ap-northeast-1.amazonaws.com/side.bmp,PROSPECT,2024-03-10T11:41:41.830221,2024-05-09T00:14:04.853318
1770,SpicyCornerBistro,674,2443,https://buket_name.s3.ap-northeast-1.amazonaws.com/enjoy.tiff,PROSPECT,2023-12-06T13:14:54.830225,2024-09-29T05:06:12.853341
1317,SpicyHouseKitchen,173,2497,https://buket_name.s3.ap-northeast-1.amazonaws.com/wait.png,PROSPECT,2023-12-29T00:03:23.830230,2023-12-02T13:43:03.853363
1683,GoldenTableBistro,818,2466,https://buket_name.s3.ap-northeast-1.amazonaws.com/face.gif,EXISTING,2023-12-12T18:26:32.830234,2024-01-16T22:58:47.853386
1518,DeliciousGardenDiner,823,2072,https://buket_name.s3.ap-northeast-1.amazonaws.com/you.gif,NEW,2024-02-11T15:11:58.830238,2024-04-14T02:33:11.853409
1745,DeliciousCornerBakery,429,2071,https://buket_name.s3.ap-northeast-1.amazonaws.com/bank.jpg,NEW,2024-03-29T20:26:57.830243,2024-08-25T10:30:10.853432
1050,DeliciousHouseCafe,129,2189,https://buket_name.s3.ap-northeast-1.amazonaws.com/line.png,EXISTING,2024-07-27T08:36:52.830247,2024-09-12T10:53:53.853454
1270,GoldenSpotKitchen,764,2259,https://buket_name.s3.ap-northeast-1.amazonaws.com/six.gif,PROSPECT,2024-09-27T18:22:48.830251,2024-11-11T16:07:23.853477
1704,CozyPlateGrill,120,2996,https://buket_name.s3.ap-northeast-1.amazonaws.com/listen.tiff,NEW,2024-10-29T22:15:14.830256,2024-05-08T21:37:43.853498
1256,SpicySpotDiner,947,2042,https://buket_name.s3.ap-northeast-1.amazonaws.com/want.png,NEW,2024-03-06T16:52:18.830260,2024-03-17T01:46:24.853521
1389,SpicyCornerGrill,336,2049,https://buket_name.s3.ap-northeast-1.amazonaws.com/black.tiff,PROSPECT,2024-05-20T02:04:42.830265,2024-08-02T16:43:45.853544
1493,SunnyTableDiner,349,2210,https://buket_name.s3.ap-northeast-1.amazonaws.com/community.gif,PROSPECT,2024-03-29T09:55:19.830269,2023-12-14T01:52:24.853566
1615,SpicyLoungeKitchen,847,2650,https://buket_name.s3.ap-northeast-1.amazonaws.com/wind.jpg,NEW,2024-09-17T00:15:40.830273,2024-08-06T00:59:58.853589
1061,RusticLoungeDiner,735,2750,https://buket_name.s3.ap-northeast-1.amazonaws.com/without.bmp,NEW,2024-02-20T19:28:01.830278,2024-01-14T10:45:08.853611
1140,RusticCornerDiner,745,2622,https://buket_name.s3.ap-northeast-1.amazonaws.com/protect.jpg,EXISTING,2024-08-25T03:42:38.830282,2024-05-08T22:27:59.853634
1214,SunnyHouseEatery,75,2979,https://buket_name.s3.ap-northeast-1.amazonaws.com/yard.jpg,EXISTING,2024-09-13T12:47:52.830287,2024-03-06T19:45:40.853656
1180,RusticSpotDiner,721,2334,https://buket_name.s3.ap-northeast-1.amazonaws.com/entire.jpeg,NEW,2024-03-05T03:34:06.830291,2024-09-25T21:50:12.853678
1884,SpicyPlateDiner,911,2302,https://buket_name.s3.ap-northeast-1.amazonaws.com/upon.jpg,EXISTING,2024-07-13T07:55:53.830295,2024-06-09T04:04:26.853702
1154,DeliciousHouseBar,378,2019,https://buket_name.s3.ap-northeast-1.amazonaws.com/poor.jpeg,PROSPECT,2024-04-06T16:41:37.830300,2024-08-11T12:17:55.853726
1881,SunnyCornerGrill,636,2376,https://buket_name.s3.ap-northeast-1.amazonaws.com/believe.jpeg,NEW,2024-09-18T07:11:39.830304,2024-02-11T09:06:09.853749
1047,CharmingSpotDiner,8,2459,https://buket_name.s3.ap-northeast-1.amazonaws.com/all.jpeg,EXISTING,2024-03-19T03:33:10.830308,2024-02-11T15:27:33.853773
1590,CozySpotEatery,533,2730,https://buket_name.s3.ap-northeast-1.amazonaws.com/activity.jpg,EXISTING,2024-04-11T04:24:16.830313,2024-04-26T14:37:49.853797
1348,RusticPlateBistro,223,2679,https://buket_name.s3.ap-northeast-1.amazonaws.com/degree.jpeg,EXISTING,2024-06-25T03:30:01.830317,2023-12-26T21:48:04.853820
1632,CozyPlateCafe,969,2030,https://buket_name.s3.ap-northeast-1.amazonaws.com/imagine.jpg,PROSPECT,2024-09-28T14:36:38.830322,2024-07-03T02:58:24.853842
1546,SunnyHouseBistro,435,2582,https://buket_name.s3.ap-northeast-1.amazonaws.com/stand.jpg,PROSPECT,2024-07-04T21:33:53.830326,2024-05-13T16:22:06.853864
1940,SpicyTableDiner,634,2578,https://buket_name.s3.ap-northeast-1.amazonaws.com/process.tiff,EXISTING,2024-08-20T05:31:42.830330,2024-02-25T22:28:59.853885
1602,CozyHutDiner,750,2563,https://buket_name.s3.ap-northeast-1.amazonaws.com/improve.tiff,PROSPECT,2024-04-05T11:14:38.830335,2023-12-08T18:23:38.853907
1248,SpicyCornerDiner,889,2186,https://buket_name.s3.ap-northeast-1.amazonaws.com/up.tiff,EXISTING,2024-10-20T13:55:00.830339,2024-03-21T10:13:07.853931
1610,CharmingLoungeGrill,981,2709,https://buket_name.s3.ap-northeast-1.amazonaws.com/pass.bmp,NEW,2024-05-08T15:41:15.830343,2023-12-09T00:54:55.853953
1974,SunnyLoungeBakery,450,2532,https://buket_name.s3.ap-northeast-1.amazonaws.com/hear.jpg,EXISTING,2024-07-13T16:18:22.830347,2024-11-13T02:56:39.853977
1427,CozySpotGrill,604,2017,https://buket_name.s3.ap-northeast-1.amazonaws.com/card.png,NEW,2024-08-27T06:50:37.830352,2024-09-21T00:25:01.854000
1260,GoldenCornerBar,259,2811,https://buket_name.s3.ap-northeast-1.amazonaws.com/see.png,PROSPECT,2024-04-13T15:05:54.830356,2024-02-12T12:31:47.854023
1469,DeliciousCornerEatery,982,2091,https://buket_name.s3.ap-northeast-1.amazonaws.com/generation.jpeg,NEW,2024-10-31T03:38:47.830361,2024-07-22T04:42:01.854046
1280,CharmingPlateBistro,181,2598,https://buket_name.s3.ap-northeast-1.amazonaws.com/information.bmp,NEW,2024-01-09T02:01:46.830365,2024-02-15T07:47:06.854071
1389,SunnyLoungeBistro,124,2297,https://buket_name.s3.ap-northeast-1.amazonaws.com/will.jpg,NEW,2024-11-21T10:47:22.830369,2024-11-21T12:47:46.854093
1705,GoldenHutKitchen,417,2925,https://buket_name.s3.ap-northeast-1.amazonaws.com/central.png,PROSPECT,2024-02-21T03:16:11.830373,2024-02-27T13:34:46.854119
1921,DeliciousHouseBistro,608,2406,https://buket_name.s3.ap-northeast-1.amazonaws.com/beat.bmp,NEW,2024-10-30T21:09:05.830378,2024-09-29T21:42:19.854141
1762,DeliciousHutBar,319,2057,https://buket_name.s3.ap-northeast-1.amazonaws.com/treatment.png,PROSPECT,2024-05-28T11:38:43.830382,2024-10-27T14:26:01.854164
1033,SpicyTableCafe,953,2482,https://buket_name.s3.ap-northeast-1.amazonaws.com/herself.jpeg,PROSPECT,2024-01-16T19:26:39.830386,2024-08-30T06:16:09.854186
1782,RusticLoungeEatery,653,2163,https://buket_name.s3.ap-northeast-1.amazonaws.com/available.bmp,PROSPECT,2024-09-28T16:37:11.830398,2023-12-22T14:02:10.854208
1271,GoldenLoungeBistro,98,2559,https://buket_name.s3.ap-northeast-1.amazonaws.com/series.gif,EXISTING,2024-03-21T12:28:30.830402,2024-08-16T01:18:24.854230
1552,SpicyTableBakery,317,2248,https://buket_name.s3.ap-northeast-1.amazonaws.com/remain.bmp,EXISTING,2024-07-22T23:00:56.830406,2024-02-23T14:59:09.854253
1381,RusticTableBar,838,2614,https://buket_name.s3.ap-northeast-1.amazonaws.com/market.png,PROSPECT,2024-03-05T18:58:53.830411,2024-09-02T12:19:03.854276
1837,CharmingGardenCafe,769,2154,https://buket_name.s3.ap-northeast-1.amazonaws.com/forward.bmp,PROSPECT,2024-09-09T14:48:02.830415,2024-07-10T19:07:35.854299
1112,CharmingCornerDiner,850,2595,https://buket_name.s3.ap-northeast-1.amazonaws.com/forward.bmp,PROSPECT,2024-11-18T11:12:17.830420,2024-06-02T12:37:21.854322
1352,SunnyTableCafe,632,2051,https://buket_name.s3.ap-northeast-1.amazonaws.com/west.jpg,NEW,2024-05-29T09:03:54.830424,2024-09-26T22:38:04.854344
1850,CharmingHouseEatery,769,2498,https://buket_name.s3.ap-northeast-1.amazonaws.com/southern.gif,NEW,2024-07-15T16:09:21.830428,2024-04-25T12:09:42.854367
1989,DeliciousTableGrill,405,2246,https://buket_name.s3.ap-northeast-1.amazonaws.com/face.tiff,EXISTING,2024-02-17T17:39:19.830433,2024-11-23T14:33:35.854390
1216,CharmingSpotKitchen,24,2055,https://buket_name.s3.ap-northeast-1.amazonaws.com/religious.jpg,PROSPECT,2024-01-15T11:11:47.830437,2024-01-28T10:13:42.854412
1208,CozyHutEatery,951,2320,https://buket_name.s3.ap-northeast-1.amazonaws.com/physical.gif,EXISTING,2024-07-02T09:07:15.830442,2024-11-14T22:35:36.854435
1351,DeliciousGardenCafe,280,2342,https://buket_name.s3.ap-northeast-1.amazonaws.com/international.gif,NEW,2024-06-16T00:41:01.830446,2024-03-15T16:14:06.854457
1846,SunnyGardenBar,483,2080,https://buket_name.s3.ap-northeast-1.amazonaws.com/much.jpeg,NEW,2024-05-16T16:54:27.830450,2024-10-09T04:53:30.854480
1026,DeliciousLoungeBakery,901,2935,https://buket_name.s3.ap-northeast-1.amazonaws.com/commercial.bmp,NEW,2024-06-28T13:16:34.830455,2024-06-29T22:52:03.854503
1007,SunnyPlateBistro,943,2861,https://buket_name.s3.ap-northeast-1.amazonaws.com/walk.gif,PROSPECT,2024-09-08T12:21:13.830459,2023-11-28T11:11:33.854525
1783,CozyTableCafe,223,2184,https://buket_name.s3.ap-northeast-1.amazonaws.com/whether.gif,EXISTING,2024-02-06T08:51:56.830463,2024-09-06T08:49:41.854546
1241,DeliciousCornerBakery,421,2714,https://buket_name.s3.ap-northeast-1.amazonaws.com/season.jpg,NEW,2024-11-14T02:15:42.830467,2024-07-03T19:47:26.854569
1874,SunnyCornerDiner,893,2402,https://buket_name.s3.ap-northeast-1.amazonaws.com/sense.tiff,PROSPECT,2024-10-20T06:14:30.830472,2024-03-27T21:45:14.854591
1489,DeliciousHouseGrill,567,2341,https://buket_name.s3.ap-northeast-1.amazonaws.com/any.tiff,EXISTING,2024-10-10T00:14:31.830476,2024-03-18T13:27:55.854613
1927,CharmingTableCafe,570,2112,https://buket_name.s3.ap-northeast-1.amazonaws.com/than.tiff,PROSPECT,2024-07-16T10:42:28.830481,2024-07-14T19:08:10.854636
1920,SunnyHutCafe,223,2255,https://buket_name.s3.ap-northeast-1.amazonaws.com/animal.png,PROSPECT,2024-04-07T07:35:16.830485,2024-11-16T09:49:17.854657
1914,SunnySpotCafe,360,2670,https://buket_name.s3.ap-northeast-1.amazonaws.com/rock.png,NEW,2024-06-20T22:38:56.830490,2024-02-06T08:51:15.854680
1554,GoldenLoungeEatery,784,2018,https://buket_name.s3.ap-northeast-1.amazonaws.com/save.tiff,EXISTING,2024-10-24T00:31:40.830494,2024-02-24T00:50:21.854701
1191,CozyLoungeKitchen,530,2122,https://buket_name.s3.ap-northeast-1.amazonaws.com/impact.tiff,NEW,2024-10-01T09:36:35.830499,2024-01-10T12:52:41.854724
1357,SunnyLoungeBar,940,2649,https://buket_name.s3.ap-northeast-1.amazonaws.com/guy.gif,PROSPECT,2024-05-12T23:45:03.830503,2024-10-03T21:39:19.854746
1641,RusticLoungeDiner,201,2068,https://buket_name.s3.ap-northeast-1.amazonaws.com/tax.png,PROSPECT,2024-11-25T04:33:30.830507,2023-12-03T08:32:55.854771
1914,SpicyLoungeEatery,46,2342,https://buket_name.s3.ap-northeast-1.amazonaws.com/be.bmp,EXISTING,2023-12-19T09:44:05.830511,2023-12-29T16:36:26.854797
1503,SunnyGardenBar,343,2065,https://buket_name.s3.ap-northeast-1.amazonaws.com/contain.png,NEW,2024-11-15T06:11:34.830516,2024-09-27T15:37:43.854820
1220,GoldenGardenDiner,594,2558,https://buket_name.s3.ap-northeast-1.amazonaws.com/defense.jpeg,NEW,2023-12-28T03:52:15.830520,2023-12-02T13:41:51.854843
1575,SunnySpotBakery,853,2763,https://buket_name.s3.ap-northeast-1.amazonaws.com/generation.jpeg,NEW,2024-11-07T03:54:39.830524,2024-03-25T06:18:13.854867
1457,GoldenHouseBakery,854,2234,https://buket_name.s3.ap-northeast-1.amazonaws.com/section.tiff,EXISTING,2024-04-25T17:33:36.830529,2024-03-05T14:19:16.854890
1035,SunnyCornerBistro,776,2252,https://buket_name.s3.ap-northeast-1.amazonaws.com/stay.jpeg,NEW,2024-08-02T16:35:29.830533,2024-09-02T16:11:23.854913
1653,DeliciousGardenDiner,807,2008,https://buket_name.s3.ap-northeast-1.amazonaws.com/nation.jpeg,EXISTING,2024-05-18T11:23:58.830538,2023-12-29T05:06:16.854937
1173,CozyLoungeDiner,181,2818,https://buket_name.s3.ap-northeast-1.amazonaws.com/where.jpg,EXISTING,2024-07-18T05:28:20.830542,2024-04-15T17:44:26.854961
1436,GoldenCornerDiner,716,2909,https://buket_name.s3.ap-northeast-1.amazonaws.com/something.gif,NEW,2023-12-30T16:38:20.830547,2023-12-11T08:28:44.854984
1662,CozyGardenBar,792,2374,https://buket_name.s3.ap-northeast-1.amazonaws.com/old.jpg,NEW,2023-11-29T04:56:39.830551,2024-05-11T16:57:52.855007
1192,CozySpotBakery,982,2388,https://buket_name.s3.ap-northeast-1.amazonaws.com/American.gif,EXISTING,2024-10-31T04:28:42.830555,2024-07-28T00:15:17.855030
1905,CozyPlateBakery,789,2667,https://buket_name.s3.ap-northeast-1.amazonaws.com/pay.tiff,NEW,2024-09-18T16:39:01.830560,2024-04-04T21:07:25.855080
1497,RusticHouseBar,191,2812,https://buket_name.s3.ap-northeast-1.amazonaws.com/put.gif,NEW,2024-10-20T22:43:34.830564,2024-03-07T09:21:45.855109
1317,CozyPlateCafe,741,2413,https://buket_name.s3.ap-northeast-1.amazonaws.com/along.png,PROSPECT,2024-09-29T10:11:16.830569,2023-11-27T01:52:48.855132
1485,RusticCornerCafe,907,2397,https://buket_name.s3.ap-northeast-1.amazonaws.com/television.jpeg,PROSPECT,2024-08-12T19:11:03.830573,2024-10-25T10:58:39.855155
1635,RusticCornerBistro,443,2912,https://buket_name.s3.ap-northeast-1.amazonaws.com/data.bmp,EXISTING,2024-03-29T06:54:24.830577,2024-05-09T16:50:58.855176
1716,CharmingLoungeBistro,782,2494,https://buket_name.s3.ap-northeast-1.amazonaws.com/strong.tiff,NEW,2023-11-27T17:55:26.830582,2023-12-03T23:55:11.855202
1161,GoldenTableKitchen,39,2394,https://buket_name.s3.ap-northeast-1.amazonaws.com/popular.jpg,PROSPECT,2024-07-16T10:08:57.830586,2024-06-13T11:18:58.855225
1433,SpicyPlateCafe,259,2609,https://buket_name.s3.ap-northeast-1.amazonaws.com/task.gif,EXISTING,2024-04-09T01:45:06.830591,2023-12-28T14:34:22.855246
1030,SunnyGardenBistro,634,2662,https://buket_name.s3.ap-northeast-1.amazonaws.com/nearly.jpg,PROSPECT,2024-03-19T00:59:29.830595,2024-02-14T09:45:09.855269
1983,CozyHutBar,547,2043,https://buket_name.s3.ap-northeast-1.amazonaws.com/security.gif,PROSPECT,2024-05-06T05:28:31.830602,2024-03-07T04:54:19.855293
1205,CharmingTableKitchen,834,2230,https://buket_name.s3.ap-northeast-1.amazonaws.com/while.jpeg,PROSPECT,2024-06-11T20:44:12.830606,2024-05-09T23:25:01.855315
1202,SunnyGardenBakery,223,2323,https://buket_name.s3.ap-northeast-1.amazonaws.com/central.tiff,EXISTING,2024-03-30T00:33:36.830610,2024-02-22T01:29:33.855336
1786,GoldenPlateEatery,116,2731,https://buket_name.s3.ap-northeast-1.amazonaws.com/sport.jpg,PROSPECT,2024-08-12T07:02:16.830615,2024-03-22T21:52:44.855359
1183,SunnyLoungeBar,885,2603,https://buket_name.s3.ap-northeast-1.amazonaws.com/art.png,PROSPECT,2024-03-16T00:20:08.830619,2024-08-06T15:28:18.855380
1898,DeliciousSpotBistro,211,2013,https://buket_name.s3.ap-northeast-1.amazonaws.com/beautiful.png,EXISTING,2024-04-28T18:46:01.830623,2024-08-14T07:41:12.855402
1127,DeliciousPlateCafe,926,2598,https://buket_name.s3.ap-northeast-1.amazonaws.com/gun.png,NEW,2024-05-08T05:48:27.830629,2024-09-04T13:20:05.855424
1360,RusticCornerDiner,169,2151,https://buket_name.s3.ap-northeast-1.amazonaws.com/tax.bmp,EXISTING,2024-01-09T07:49:29.830634,2024-08-28T19:33:58.855447
1287,SpicyHouseDiner,199,2381,https://buket_name.s3.ap-northeast-1.amazonaws.com/body.bmp,PROSPECT,2024-11-11T22:15:49.830638,2023-12-07T15:33:38.855469
1477,CharmingLoungeBar,577,2185,https://buket_name.s3.ap-northeast-1.amazonaws.com/political.jpg,NEW,2024-07-28T05:02:14.830643,2024-04-29T00:50:13.855505
1995,GoldenHouseBar,228,2220,https://buket_name.s3.ap-northeast-1.amazonaws.com/over.jpeg,NEW,2024-11-11T05:45:15.830647,2024-09-11T20:20:42.855533
1140,SunnyHouseBar,902,2189,https://buket_name.s3.ap-northeast-1.amazonaws.com/government.jpg,PROSPECT,2024-01-31T16:18:27.830651,2023-11-30T21:59:18.855556
1589,SpicySpotCafe,627,2543,https://buket_name.s3.ap-northeast-1.amazonaws.com/music.jpg,EXISTING,2024-05-04T03:53:59.830656,2024-01-07T08:33:34.855578
1879,SpicySpotCafe,612,2535,https://buket_name.s3.ap-northeast-1.amazonaws.com/thought.jpeg,NEW,2024-06-13T02:24:00.830660,2024-08-30T17:02:36.855602
1430,GoldenSpotBar,888,2215,https://buket_name.s3.ap-northeast-1.amazonaws.com/by.tiff,PROSPECT,2024-09-04T04:14:10.830664,2024-01-19T14:07:57.855624
1986,GoldenHutCafe,228,2733,https://buket_name.s3.ap-northeast-1.amazonaws.com/free.gif,NEW,2024-11-21T18:03:17.830669,2024-09-21T02:42:17.855648
1426,CharmingCornerDiner,126,2140,https://buket_name.s3.ap-northeast-1.amazonaws.com/court.bmp,PROSPECT,2024-01-09T19:44:04.830673,2024-05-20T12:45:05.855670
1962,CharmingSpotGrill,59,2992,https://buket_name.s3.ap-northeast-1.amazonaws.com/car.tiff,EXISTING,2024-02-10T09:13:55.830677,2024-10-07T21:41:07.855694
1229,SunnyHouseBistro,417,2474,https://buket_name.s3.ap-northeast-1.amazonaws.com/green.bmp,PROSPECT,2024-04-08T15:25:29.830681,2024-08-26T02:27:45.855716
1657,CharmingHutCafe,26,2334,https://buket_name.s3.ap-northeast-1.amazonaws.com/data.png,PROSPECT,2024-06-19T18:00:55.830686,2024-08-30T20:47:37.855739
1509,RusticCornerEatery,556,2714,https://buket_name.s3.ap-northeast-1.amazonaws.com/job.bmp,PROSPECT,2024-11-17T11:22:20.830690,2024-10-02T03:52:23.855761
1887,SunnyTableCafe,542,2617,https://buket_name.s3.ap-northeast-1.amazonaws.com/assume.tiff,PROSPECT,2023-12-30T12:41:18.830694,2024-02-14T09:14:27.855783
1297,GoldenHutGrill,992,2357,https://buket_name.s3.ap-northeast-1.amazonaws.com/foreign.tiff,EXISTING,2023-12-24T04:13:17.830698,2023-12-23T09:55:18.855808
1778,CharmingPlateCafe,717,2444,https://buket_name.s3.ap-northeast-1.amazonaws.com/which.jpg,EXISTING,2023-12-26T12:11:54.830703,2023-12-31T23:17:43.855830
1815,DeliciousSpotBakery,240,2637,https://buket_name.s3.ap-northeast-1.amazonaws.com/plan.bmp,PROSPECT,2024-05-22T18:36:58.830707,2024-09-11T18:39:38.855854
1592,SpicyPlateGrill,402,2990,https://buket_name.s3.ap-northeast-1.amazonaws.com/concern.tiff,PROSPECT,2024-07-25T14:43:03.830711,2024-04-28T22:55:24.855877
1675,SunnyLoungeBakery,146,2155,https://buket_name.s3.ap-northeast-1.amazonaws.com/why.jpeg,PROSPECT,2023-12-09T03:31:09.830715,2024-10-22T03:26:24.855900
1840,DeliciousCornerBar,337,2598,https://buket_name.s3.ap-northeast-1.amazonaws.com/issue.bmp,EXISTING,2024-06-18T07:29:16.830720,2024-11-09T08:35:08.855924
1500,CharmingHouseGrill,810,2954,https://buket_name.s3.ap-northeast-1.amazonaws.com/let.bmp,PROSPECT,2024-09-10T02:49:41.830724,2024-02-28T08:08:45.855947
1255,DeliciousHutEatery,671,2687,https://buket_name.s3.ap-northeast-1.amazonaws.com/PM.jpeg,NEW,2024-08-30T00:07:04.830728,2024-09-07T02:11:35.855972
1730,GoldenHouseDiner,520,2229,https://buket_name.s3.ap-northeast-1.amazonaws.com/something.png,NEW,2023-12-17T05:59:41.830733,2024-04-08T14:07:40.855994
1938,SunnyCornerBakery,399,2006,https://buket_name.s3.ap-northeast-1.amazonaws.com/remember.jpeg,PROSPECT,2024-09-19T08:14:00.830737,2024-09-02T17:44:34.856016
1480,SpicyTableBakery,350,2728,https://buket_name.s3.ap-northeast-1.amazonaws.com/order.jpeg,PROSPECT,2024-07-08T20:31:26.830741,2024-07-06T00:41:11.856039
